departure_from,departure_to,availability_start,availability_end,data_generated
Aberdeen,Gdansk,2026-08-25T07:00:00,2026-08-28T23:59:59,2026-08-25T07:00:00
Alghero,Belgrade,2026-08-25T07:00:00,2026-08-28T23:59:59,2026-08-25T07:00:00
Alghero,Bucharest,2026-08-25T07:00:00,2026-08-28T23:59:59,2026-08-25T07:00:00
Alghero,Budapest,2026-08-25T07:00:00,2026-08-28T23:59:59,2026-08-25T07:00:00
Alghero,Skopje,2026-08-25T07:00:00,2026-08-28T23:59:59,2026-08-25T07:00:00
Alghero,Sofia,2026-08-25T07:00:00,2026-08-28T23:59:59,2026-08-25T07:00:00
Alghero,Tirana,2026-08-25T07:00:00,2026-08-28T23:59:59,2026-08-25T07:00:00
Alghero,Warsaw,2026-08-25T07:00:00,2026-08-28T23:59:59,2026-08-25T07:00:00
Alicante,Belgrade,2026-08-25T07:00:00,2026-08-28T23:59:59,2026-08-25T07:00:00
Alicante,Bratislava,2026-08-25T07:00:00,2026-08-28T23:59:59,2026-08-25T07:00:00
Alicante,Bucharest,2026-08-25T07:00:00,2026-08-28T23:59:59,2026-08-25T07:00:00
Alicante,Budapest,2026-08-25T07:00:00,2026-08-28T23:59:59,2026-08-25T07:00:00
Alicante,Cluj,2026-08-25T07:00:00,2026-08-28T23:59:59,2026-08-25T07:00:00
Alicante,Gdansk,2026-08-25T07:00:00,2026-08-28T23:59:59,2026-08-25T07:00:00
Alicante,Katowice,2026-08-25T07:00:00,2026-08-28T23:59:59,2026-08-25T07:00:00
Alicante,Warsaw,2026-08-25T07:00:00,2026-08-28T23:59:59,2026-08-25T07:00:00
Ancona,Tirana,2026-08-25T07:00:00,2026-08-28T23:59:59,2026-08-25T07:00:00
Athens,Bratislava,2026-08-25T07:00:00,2026-08-28T23:59:59,2026-08-25T07:00:00
Athens,Bucharest,2026-08-25T07:00:00,2026-08-28T23:59:59,2026-08-25T07:00:00
Athens,Budapest,2026-08-25T07:00:00,2026-08-28T23:59:59,2026-08-25T07:00:00
Athens,Craiova,2026-08-25T07:00:00,2026-08-28T23:59:59,2026-08-25T07:00:00
Athens,Kutaisi,2026-08-25T07:00:00,2026-08-28T23:59:59,2026-08-25T07:00:00
Athens,Larnaca,2026-08-25T07:00:00,2026-08-28T23:59:59,2026-08-25T07:00:00
Athens,Tirana,2026-08-25T07:00:00,2026-08-28T23:59:59,2026-08-25T07:00:00
Athens,Varna,2026-08-25T07:00:00,2026-08-28T23:59:59,2026-08-25T07:00:00
Barcelona,Belgrade,2026-08-25T07:00:00,2026-08-28T23:59:59,2026-08-25T07:00:00
Barcelona,Bratislava,2026-08-25T07:00:00,2026-08-28T23:59:59,2026-08-25T07:00:00
Barcelona,Bucharest,2026-08-25T07:00:00,2026-08-28T23:59:59,2026-08-25T07:00:00
Barcelona,Budapest,2026-08-25T07:00:00,2026-08-28T23:59:59,2026-08-25T07:00:00
Barcelona,Chisinau,2026-08-25T07:00:00,2026-08-28T23:59:59,2026-08-25T07:00:00
Barcelona,Craiova,2026-08-25T07:00:00,2026-08-28T23:59:59,2026-08-25T07:00:00
Barcelona,Gdansk,2026-08-25T07:00:00,2026-08-28T23:59:59,2026-08-25T07:00:00
Barcelona,Krakow,2026-08-25T07:00:00,2026-08-28T23:59:59,2026-08-25T07:00:00
Barcelona,Kutaisi,2026-08-25T07:00:00,2026-08-28T23:59:59,2026-08-25T07:00:00
Barcelona,Podgorica,2026-08-25T07:00:00,2026-08-28T23:59:59,2026-08-25T07:00:00
Barcelona,Skopje,2026-08-25T07:00:00,2026-08-28T23:59:59,2026-08-25T07:00:00
Barcelona,Sofia,2026-08-25T07:00:00,2026-08-28T23:59:59,2026-08-25T07:00:00
Barcelona,Tirana,2026-08-25T07:00:00,2026-08-28T23:59:59,2026-08-25T07:00:00
Barcelona,Varna,2026-08-25T07:00:00,2026-08-28T23:59:59,2026-08-25T07:00:00
Barcelona,Venice,2026-08-25T07:00:00,2026-08-28T23:59:59,2026-08-25T07:00:00
Barcelona,Vilnius,2026-08-25T07:00:00,2026-08-28T23:59:59,2026-08-25T07:00:00
Barcelona,Warsaw,2026-08-25T07:00:00,2026-08-28T23:59:59,2026-08-25T07:00:00
Barcelona,Wroclaw,2026-08-25T07:00:00,2026-08-28T23:59:59,2026-08-25T07:00:00
Bari,Bucharest,2026-08-25T07:00:00,2026-08-28T23:59:59,2026-08-25T07:00:00
Bari,Cluj,2026-08-25T07:00:00,2026-08-28T23:59:59,2026-08-25T07:00:00
Bari,Craiova,2026-08-25T07:00:00,2026-08-28T23:59:59,2026-08-25T07:00:00
Bari,Skopje,2026-08-25T07:00:00,2026-08-28T23:59:59,2026-08-25T07:00:00
Bari,Sofia,2026-08-25T07:00:00,2026-08-28T23:59:59,2026-08-25T07:00:00
Bari,Tirana,2026-08-25T07:00:00,2026-08-28T23:59:59,2026-08-25T07:00:00
Bari,Warsaw,2026-08-25T07:00:00,2026-08-28T23:59:59,2026-08-25T07:00:00
Bari,Wroclaw,2026-08-25T07:00:00,2026-08-28T23:59:59,2026-08-25T07:00:00
Bari,Yerevan,2026-08-25T07:00:00,2026-08-28T23:59:59,2026-08-25T07:00:00
Basel/Mulhouse,Banja Luka,2026-08-25T07:00:00,2026-08-28T23:59:59,2026-08-25T07:00:00
Basel/Mulhouse,Belgrade,2026-08-25T07:00:00,2026-08-28T23:59:59,2026-08-25T07:00:00
Basel/Mulhouse,Bratislava,2026-08-25T07:00:00,2026-08-28T23:59:59,2026-08-25T07:00:00
Basel/Mulhouse,Bucharest,2026-08-25T07:00:00,2026-08-28T23:59:59,2026-08-25T07:00:00
Basel/Mulhouse,Budapest,2026-08-25T07:00:00,2026-08-28T23:59:59,2026-08-25T07:00:00
Basel/Mulhouse,Chisinau,2026-08-25T07:00:00,2026-08-28T23:59:59,2026-08-25T07:00:00
Basel/Mulhouse,Cluj,2026-08-25T07:00:00,2026-08-28T23:59:59,2026-08-25T07:00:00
Basel/Mulhouse,Iasi,2026-08-25T07:00:00,2026-08-28T23:59:59,2026-08-25T07:00:00
Basel/Mulhouse,Nis,2026-08-25T07:00:00,2026-08-28T23:59:59,2026-08-25T07:00:00
Basel/Mulhouse,Ohrid,2026-08-25T07:00:00,2026-08-28T23:59:59,2026-08-25T07:00:00
Basel/Mulhouse,Podgorica,2026-08-25T07:00:00,2026-08-28T23:59:59,2026-08-25T07:00:00
Basel/Mulhouse,Skopje,2026-08-25T07:00:00,2026-08-28T23:59:59,2026-08-25T07:00:00
Basel/Mulhouse,Timisoara,2026-08-25T07:00:00,2026-08-28T23:59:59,2026-08-25T07:00:00
Basel/Mulhouse,Tirana,2026-08-25T07:00:00,2026-08-28T23:59:59,2026-08-25T07:00:00
Basel/Mulhouse,Wroclaw,2026-08-25T07:00:00,2026-08-28T23:59:59,2026-08-25T07:00:00
Belgrade,Alghero,2026-08-25T07:00:00,2026-08-28T23:59:59,2026-08-25T07:00:00
Belgrade,Chania,2026-08-25T07:00:00,2026-08-28T23:59:59,2026-08-25T07:00:00
Belgrade,Larnaca,2026-08-25T07:00:00,2026-08-28T23:59:59,2026-08-25T07:00:00
Belgrade,Malta,2026-08-25T07:00:00,2026-08-28T23:59:59,2026-08-25T07:00:00
Belgrade,Palermo,2026-08-25T07:00:00,2026-08-28T23:59:59,2026-08-25T07:00:00
Bergen,Gdansk,2026-08-25T07:00:00,2026-08-28T23:59:59,2026-08-25T07:00:00
Berlin,Bratislava,2026-08-25T07:00:00,2026-08-28T23:59:59,2026-08-25T07:00:00
Berlin,Bucharest,2026-08-25T07:00:00,2026-08-28T23:59:59,2026-08-25T07:00:00
Berlin,Budapest,2026-08-25T07:00:00,2026-08-28T23:59:59,2026-08-25T07:00:00
Berlin,Chisinau,2026-08-25T07:00:00,2026-08-28T23:59:59,2026-08-25T07:00:00
Berlin,Cluj,2026-08-25T07:00:00,2026-08-28T23:59:59,2026-08-25T07:00:00
Berlin,Kutaisi,2026-08-25T07:00:00,2026-08-28T23:59:59,2026-08-25T07:00:00
Berlin,Skopje,2026-08-25T07:00:00,2026-08-28T23:59:59,2026-08-25T07:00:00
Berlin,Timisoara,2026-08-25T07:00:00,2026-08-28T23:59:59,2026-08-25T07:00:00
Berlin,Tirana,2026-08-25T07:00:00,2026-08-28T23:59:59,2026-08-25T07:00:00
Berlin,Tuzla,2026-08-25T07:00:00,2026-08-28T23:59:59,2026-08-25T07:00:00
Bilbao,Budapest,2026-08-25T07:00:00,2026-08-28T23:59:59,2026-08-25T07:00:00
Bilbao,Krakow,2026-08-25T07:00:00,2026-08-28T23:59:59,2026-08-25T07:00:00
Bilbao,Rome,2026-08-25T07:00:00,2026-08-28T23:59:59,2026-08-25T07:00:00
Bilbao,Warsaw,2026-08-25T07:00:00,2026-08-28T23:59:59,2026-08-25T07:00:00
Billund,Bucharest,2026-08-25T07:00:00,2026-08-28T23:59:59,2026-08-25T07:00:00
Billund,Gdansk,2026-08-25T07:00:00,2026-08-28T23:59:59,2026-08-25T07:00:00
Billund,Iasi,2026-08-25T07:00:00,2026-08-28T23:59:59,2026-08-25T07:00:00
Billund,Katowice,2026-08-25T07:00:00,2026-08-28T23:59:59,2026-08-25T07:00:00
Billund,Tirana,2026-08-25T07:00:00,2026-08-28T23:59:59,2026-08-25T07:00:00
Birmingham,Bucharest,2026-08-25T07:00:00,2026-08-28T23:59:59,2026-08-25T07:00:00
Birmingham,Craiova,2026-08-25T07:00:00,2026-08-28T23:59:59,2026-08-25T07:00:00
Birmingham,Rome,2026-08-25T07:00:00,2026-08-28T23:59:59,2026-08-25T07:00:00
Birmingham,Suceava,2026-08-25T07:00:00,2026-08-28T23:59:59,2026-08-25T07:00:00
Bologna,Bucharest,2026-08-25T07:00:00,2026-08-28T23:59:59,2026-08-25T07:00:00
Bologna,Chisinau,2026-08-25T07:00:00,2026-08-28T23:59:59,2026-08-25T07:00:00
Bologna,Cluj,2026-08-25T07:00:00,2026-08-28T23:59:59,2026-08-25T07:00:00
Bologna,Craiova,2026-08-25T07:00:00,2026-08-28T23:59:59,2026-08-25T07:00:00
Bologna,Iasi,2026-08-25T07:00:00,2026-08-28T23:59:59,2026-08-25T07:00:00
Bologna,Skopje,2026-08-25T07:00:00,2026-08-28T23:59:59,2026-08-25T07:00:00
Bologna,Suceava,2026-08-25T07:00:00,2026-08-28T23:59:59,2026-08-25T07:00:00
Bologna,Timisoara,2026-08-25T07:00:00,2026-08-28T23:59:59,2026-08-25T07:00:00
Bologna,Tirana,2026-08-25T07:00:00,2026-08-28T23:59:59,2026-08-25T07:00:00
Bologna,Warsaw,2026-08-25T07:00:00,2026-08-28T23:59:59,2026-08-25T07:00:00
Bordeaux,Bucharest,2026-08-25T07:00:00,2026-08-28T23:59:59,2026-08-25T07:00:00
Bordeaux,Rome,2026-08-25T07:00:00,2026-08-28T23:59:59,2026-08-25T07:00:00
Bratislava,Athens,2026-08-25T07:00:00,2026-08-28T23:59:59,2026-08-25T07:00:00
Bratislava,Basel/Mulhouse,2026-08-25T07:00:00,2026-08-28T23:59:59,2026-08-25T07:00:00
Bratislava,Berlin,2026-08-25T07:00:00,2026-08-28T23:59:59,2026-08-25T07:00:00
Bratislava,Kutaisi,2026-08-25T07:00:00,2026-08-28T23:59:59,2026-08-25T07:00:00
Bratislava,Lamezia Terme,2026-08-25T07:00:00,2026-08-28T23:59:59,2026-08-25T07:00:00
Bratislava,Ohrid,2026-08-25T07:00:00,2026-08-28T23:59:59,2026-08-25T07:00:00
Bratislava,Oslo,2026-08-25T07:00:00,2026-08-28T23:59:59,2026-08-25T07:00:00
Bratislava,Palermo,2026-08-25T07:00:00,2026-08-28T23:59:59,2026-08-25T07:00:00
Bratislava,Plovdiv,2026-08-25T07:00:00,2026-08-28T23:59:59,2026-08-25T07:00:00
Bratislava,Podgorica,2026-08-25T07:00:00,2026-08-28T23:59:59,2026-08-25T07:00:00
Bratislava,Pristina,2026-08-25T07:00:00,2026-08-28T23:59:59,2026-08-25T07:00:00
Bratislava,Skopje,2026-08-25T07:00:00,2026-08-28T23:59:59,2026-08-25T07:00:00
Bratislava,Tirana,2026-08-25T07:00:00,2026-08-28T23:59:59,2026-08-25T07:00:00
Bratislava,Tuzla,2026-08-25T07:00:00,2026-08-28T23:59:59,2026-08-25T07:00:00
Bratislava,Varna,2026-08-25T07:00:00,2026-08-28T23:59:59,2026-08-25T07:00:00
Bratislava,Warsaw,2026-08-25T07:00:00,2026-08-28T23:59:59,2026-08-25T07:00:00
Bratislava,Yerevan,2026-08-25T07:00:00,2026-08-28T23:59:59,2026-08-25T07:00:00
Brindisi,Bucharest,2026-08-25T07:00:00,2026-08-28T23:59:59,2026-08-25T07:00:00
Brindisi,Katowice,2026-08-25T07:00:00,2026-08-28T23:59:59,2026-08-25T07:00:00
Brussels,Bucharest,2026-08-25T07:00:00,2026-08-28T23:59:59,2026-08-25T07:00:00
Brussels,Budapest,2026-08-25T07:00:00,2026-08-28T23:59:59,2026-08-25T07:00:00
Brussels,Chisinau,2026-08-25T07:00:00,2026-08-28T23:59:59,2026-08-25T07:00:00
Brussels,Cluj,2026-08-25T07:00:00,2026-08-28T23:59:59,2026-08-25T07:00:00
Brussels,Craiova,2026-08-25T07:00:00,2026-08-28T23:59:59,2026-08-25T07:00:00
Brussels,Iasi,2026-08-25T07:00:00,2026-08-28T23:59:59,2026-08-25T07:00:00
Brussels,Kutaisi,2026-08-25T07:00:00,2026-08-28T23:59:59,2026-08-25T07:00:00
Brussels,Skopje,2026-08-25T07:00:00,2026-08-28T23:59:59,2026-08-25T07:00:00
Brussels,Suceava,2026-08-25T07:00:00,2026-08-28T23:59:59,2026-08-25T07:00:00
Brussels,Targu-Mures,2026-08-25T07:00:00,2026-08-28T23:59:59,2026-08-25T07:00:00
Brussels,Timisoara,2026-08-25T07:00:00,2026-08-28T23:59:59,2026-08-25T07:00:00
Brussels,Tirana,2026-08-25T07:00:00,2026-08-28T23:59:59,2026-08-25T07:00:00
Brussels,Varna,2026-08-25T07:00:00,2026-08-28T23:59:59,2026-08-25T07:00:00
Brussels,Warsaw,2026-08-25T07:00:00,2026-08-28T23:59:59,2026-08-25T07:00:00
Bucharest,Chisinau,2026-08-25T07:00:00,2026-08-28T23:59:59,2026-08-25T07:00:00
Bucharest,Gdansk,2026-08-25T07:00:00,2026-08-28T23:59:59,2026-08-25T07:00:00
Bucharest,Heraklion,2026-08-25T07:00:00,2026-08-28T23:59:59,2026-08-25T07:00:00
Bucharest,Krakow,2026-08-25T07:00:00,2026-08-28T23:59:59,2026-08-25T07:00:00
Bucharest,Larnaca,2026-08-25T07:00:00,2026-08-28T23:59:59,2026-08-25T07:00:00
Bucharest,Pisa,2026-08-25T07:00:00,2026-08-28T23:59:59,2026-08-25T07:00:00
Bucharest,Santorini,2026-08-25T07:00:00,2026-08-28T23:59:59,2026-08-25T07:00:00
Bucharest,Tenerife,2026-08-25T07:00:00,2026-08-28T23:59:59,2026-08-25T07:00:00
Bucharest,Warsaw,2026-08-25T07:00:00,2026-08-28T23:59:59,2026-08-25T07:00:00
Bucharest,Wroclaw,2026-08-25T07:00:00,2026-08-28T23:59:59,2026-08-25T07:00:00
Bucharest,Yerevan,2026-08-25T07:00:00,2026-08-28T23:59:59,2026-08-25T07:00:00
Budapest,Alghero,2026-08-25T07:00:00,2026-08-28T23:59:59,2026-08-25T07:00:00
Budapest,Ankara,2026-08-25T07:00:00,2026-08-28T23:59:59,2026-08-25T07:00:00
Budapest,Antalya,2026-08-25T07:00:00,2026-08-28T23:59:59,2026-08-25T07:00:00
Budapest,Athens,2026-08-25T07:00:00,2026-08-28T23:59:59,2026-08-25T07:00:00
Budapest,Baku,2026-08-25T07:00:00,2026-08-28T23:59:59,2026-08-25T07:00:00
Budapest,Barcelona,2026-08-25T07:00:00,2026-08-28T23:59:59,2026-08-25T07:00:00
Budapest,Bari,2026-08-25T07:00:00,2026-08-28T23:59:59,2026-08-25T07:00:00
Budapest,Bergen,2026-08-25T07:00:00,2026-08-28T23:59:59,2026-08-25T07:00:00
Budapest,Bilbao,2026-08-25T07:00:00,2026-08-28T23:59:59,2026-08-25T07:00:00
Budapest,Billund,2026-08-25T07:00:00,2026-08-28T23:59:59,2026-08-25T07:00:00
Budapest,Brasov,2026-08-25T07:00:00,2026-08-28T23:59:59,2026-08-25T07:00:00
Budapest,Bucharest,2026-08-25T07:00:00,2026-08-28T23:59:59,2026-08-25T07:00:00
Budapest,Burgas,2026-08-25T07:00:00,2026-08-28T23:59:59,2026-08-25T07:00:00
Budapest,Catania,2026-08-25T07:00:00,2026-08-28T23:59:59,2026-08-25T07:00:00
Budapest,Chisinau,2026-08-25T07:00:00,2026-08-28T23:59:59,2026-08-25T07:00:00
Budapest,Dortmund,2026-08-25T07:00:00,2026-08-28T23:59:59,2026-08-25T07:00:00
Budapest,Gdansk,2026-08-25T07:00:00,2026-08-28T23:59:59,2026-08-25T07:00:00
Budapest,Genoa,2026-08-25T07:00:00,2026-08-28T23:59:59,2026-08-25T07:00:00
Budapest,Heraklion,2026-08-25T07:00:00,2026-08-28T23:59:59,2026-08-25T07:00:00
Budapest,Istanbul,2026-08-25T07:00:00,2026-08-28T23:59:59,2026-08-25T07:00:00
Budapest,Kefallinia,2026-08-25T07:00:00,2026-08-28T23:59:59,2026-08-25T07:00:00
Budapest,Krakow,2026-08-25T07:00:00,2026-08-28T23:59:59,2026-08-25T07:00:00
Budapest,Kutaisi,2026-08-25T07:00:00,2026-08-28T23:59:59,2026-08-25T07:00:00
Budapest,Lamezia Terme,2026-08-25T07:00:00,2026-08-28T23:59:59,2026-08-25T07:00:00
Budapest,Larnaca,2026-08-25T07:00:00,2026-08-28T23:59:59,2026-08-25T07:00:00
Budapest,Lisbon,2026-08-25T07:00:00,2026-08-28T23:59:59,2026-08-25T07:00:00
Budapest,London,2026-08-25T07:00:00,2026-08-28T23:59:59,2026-08-25T07:00:00
Budapest,Madrid,2026-08-25T07:00:00,2026-08-28T23:59:59,2026-08-25T07:00:00
Budapest,Malta,2026-08-25T07:00:00,2026-08-28T23:59:59,2026-08-25T07:00:00
Budapest,Marrakech,2026-08-25T07:00:00,2026-08-28T23:59:59,2026-08-25T07:00:00
Budapest,Menorca,2026-08-25T07:00:00,2026-08-28T23:59:59,2026-08-25T07:00:00
Budapest,Podgorica,2026-08-25T07:00:00,2026-08-28T23:59:59,2026-08-25T07:00:00
Budapest,Reykjavik,2026-08-25T07:00:00,2026-08-28T23:59:59,2026-08-25T07:00:00
Budapest,Rhodes,2026-08-25T07:00:00,2026-08-28T23:59:59,2026-08-25T07:00:00
Budapest,Santorini,2026-08-25T07:00:00,2026-08-28T23:59:59,2026-08-25T07:00:00
Budapest,Sharm el-Sheikh,2026-08-25T07:00:00,2026-08-28T23:59:59,2026-08-25T07:00:00
Budapest,Skopje,2026-08-25T07:00:00,2026-08-28T23:59:59,2026-08-25T07:00:00
Budapest,Sofia,2026-08-25T07:00:00,2026-08-28T23:59:59,2026-08-25T07:00:00
Budapest,Targu-Mures,2026-08-25T07:00:00,2026-08-28T23:59:59,2026-08-25T07:00:00
Budapest,Tel Aviv,2026-08-25T07:00:00,2026-08-28T23:59:59,2026-08-25T07:00:00
Budapest,Thessaloniki,2026-08-25T07:00:00,2026-08-28T23:59:59,2026-08-25T07:00:00
Budapest,Tirana,2026-08-25T07:00:00,2026-08-28T23:59:59,2026-08-25T07:00:00
Budapest,Varna,2026-08-25T07:00:00,2026-08-28T23:59:59,2026-08-25T07:00:00
Budapest,Vilnius,2026-08-25T07:00:00,2026-08-28T23:59:59,2026-08-25T07:00:00
Budapest,Warsaw,2026-08-25T07:00:00,2026-08-28T23:59:59,2026-08-25T07:00:00
Budapest,Wroclaw,2026-08-25T07:00:00,2026-08-28T23:59:59,2026-08-25T07:00:00
Budapest,Yerevan,2026-08-25T07:00:00,2026-08-28T23:59:59,2026-08-25T07:00:00
Budapest,Zadar,2026-08-25T07:00:00,2026-08-28T23:59:59,2026-08-25T07:00:00
Burgas,Budapest,2026-08-25T07:00:00,2026-08-28T23:59:59,2026-08-25T07:00:00
Burgas,Lublin,2026-08-25T07:00:00,2026-08-28T23:59:59,2026-08-25T07:00:00
Castellon,Bucharest,2026-08-25T07:00:00,2026-08-28T23:59:59,2026-08-25T07:00:00
Catania,Bucharest,2026-08-25T07:00:00,2026-08-28T23:59:59,2026-08-25T07:00:00
Catania,Budapest,2026-08-25T07:00:00,2026-08-28T23:59:59,2026-08-25T07:00:00
Catania,Gdansk,2026-08-25T07:00:00,2026-08-28T23:59:59,2026-08-25T07:00:00
Catania,Katowice,2026-08-25T07:00:00,2026-08-28T23:59:59,2026-08-25T07:00:00
Catania,Podgorica,2026-08-25T07:00:00,2026-08-28T23:59:59,2026-08-25T07:00:00
Catania,Tirana,2026-08-25T07:00:00,2026-08-28T23:59:59,2026-08-25T07:00:00
Catania,Vilnius,2026-08-25T07:00:00,2026-08-28T23:59:59,2026-08-25T07:00:00
Catania,Warsaw,2026-08-25T07:00:00,2026-08-28T23:59:59,2026-08-25T07:00:00
Chania,Belgrade,2026-08-25T07:00:00,2026-08-28T23:59:59,2026-08-25T07:00:00
Chisinau,Athens,2026-08-25T07:00:00,2026-08-28T23:59:59,2026-08-25T07:00:00
Chisinau,Basel/Mulhouse,2026-08-25T07:00:00,2026-08-28T23:59:59,2026-08-25T07:00:00
Chisinau,Berlin,2026-08-25T07:00:00,2026-08-28T23:59:59,2026-08-25T07:00:00
Chisinau,Bratislava,2026-08-25T07:00:00,2026-08-28T23:59:59,2026-08-25T07:00:00
Chisinau,Brussels,2026-08-25T07:00:00,2026-08-28T23:59:59,2026-08-25T07:00:00
Chisinau,Bucharest,2026-08-25T07:00:00,2026-08-28T23:59:59,2026-08-25T07:00:00
Chisinau,Budapest,2026-08-25T07:00:00,2026-08-28T23:59:59,2026-08-25T07:00:00
Chisinau,Dortmund,2026-08-25T07:00:00,2026-08-28T23:59:59,2026-08-25T07:00:00
Chisinau,Hamburg,2026-08-25T07:00:00,2026-08-28T23:59:59,2026-08-25T07:00:00
Chisinau,Larnaca,2026-08-25T07:00:00,2026-08-28T23:59:59,2026-08-25T07:00:00
Chisinau,Memmingen,2026-08-25T07:00:00,2026-08-28T23:59:59,2026-08-25T07:00:00
Chisinau,Nuremberg,2026-08-25T07:00:00,2026-08-28T23:59:59,2026-08-25T07:00:00
Chisinau,Rimini,2026-08-25T07:00:00,2026-08-28T23:59:59,2026-08-25T07:00:00
Chisinau,Rome,2026-08-25T07:00:00,2026-08-28T23:59:59,2026-08-25T07:00:00
Chisinau,Stuttgart,2026-08-25T07:00:00,2026-08-28T23:59:59,2026-08-25T07:00:00
Chisinau,Verona,2026-08-25T07:00:00,2026-08-28T23:59:59,2026-08-25T07:00:00
Cluj,Basel/Mulhouse,2026-08-25T07:00:00,2026-08-28T23:59:59,2026-08-25T07:00:00
Cluj,Catania,2026-08-25T07:00:00,2026-08-28T23:59:59,2026-08-25T07:00:00
Cluj,Kerkyra,2026-08-25T07:00:00,2026-08-28T23:59:59,2026-08-25T07:00:00
Cologne/Bonn,Bucharest,2026-08-25T07:00:00,2026-08-28T23:59:59,2026-08-25T07:00:00
Cologne/Bonn,Chisinau,2026-08-25T07:00:00,2026-08-28T23:59:59,2026-08-25T07:00:00
Cologne/Bonn,Podgorica,2026-08-25T07:00:00,2026-08-28T23:59:59,2026-08-25T07:00:00
Cologne/Bonn,Skopje,2026-08-25T07:00:00,2026-08-28T23:59:59,2026-08-25T07:00:00
Cologne/Bonn,Tirana,2026-08-25T07:00:00,2026-08-28T23:59:59,2026-08-25T07:00:00
Cologne/Bonn,Tuzla,2026-08-25T07:00:00,2026-08-28T23:59:59,2026-08-25T07:00:00
Comiso,Tirana,2026-08-25T07:00:00,2026-08-28T23:59:59,2026-08-25T07:00:00
Copenhagen,Bucharest,2026-08-25T07:00:00,2026-08-28T23:59:59,2026-08-25T07:00:00
Copenhagen,Chisinau,2026-08-25T07:00:00,2026-08-28T23:59:59,2026-08-25T07:00:00
Copenhagen,Gdansk,2026-08-25T07:00:00,2026-08-28T23:59:59,2026-08-25T07:00:00
Craiova,Brussels,2026-08-25T07:00:00,2026-08-28T23:59:59,2026-08-25T07:00:00
Debrecen,Istanbul,2026-08-25T07:00:00,2026-08-28T23:59:59,2026-08-25T07:00:00
Debrecen,Larnaca,2026-08-25T07:00:00,2026-08-28T23:59:59,2026-08-25T07:00:00
Debrecen,Varna,2026-08-25T07:00:00,2026-08-28T23:59:59,2026-08-25T07:00:00
Dortmund,Banja Luka,2026-08-25T07:00:00,2026-08-28T23:59:59,2026-08-25T07:00:00
Dortmund,Belgrade,2026-08-25T07:00:00,2026-08-28T23:59:59,2026-08-25T07:00:00
Dortmund,Brasov,2026-08-25T07:00:00,2026-08-28T23:59:59,2026-08-25T07:00:00
Dortmund,Bratislava,2026-08-25T07:00:00,2026-08-28T23:59:59,2026-08-25T07:00:00
Dortmund,Bucharest,2026-08-25T07:00:00,2026-08-28T23:59:59,2026-08-25T07:00:00
Dortmund,Budapest,2026-08-25T07:00:00,2026-08-28T23:59:59,2026-08-25T07:00:00
Dortmund,Chisinau,2026-08-25T07:00:00,2026-08-28T23:59:59,2026-08-25T07:00:00
Dortmund,Cluj,2026-08-25T07:00:00,2026-08-28T23:59:59,2026-08-25T07:00:00
Dortmund,Gdansk,2026-08-25T07:00:00,2026-08-28T23:59:59,2026-08-25T07:00:00
Dortmund,Iasi,2026-08-25T07:00:00,2026-08-28T23:59:59,2026-08-25T07:00:00
Dortmund,Katowice,2026-08-25T07:00:00,2026-08-28T23:59:59,2026-08-25T07:00:00
Dortmund,Kutaisi,2026-08-25T07:00:00,2026-08-28T23:59:59,2026-08-25T07:00:00
Dortmund,London,2026-08-25T07:00:00,2026-08-28T23:59:59,2026-08-25T07:00:00
Dortmund,Ohrid,2026-08-25T07:00:00,2026-08-28T23:59:59,2026-08-25T07:00:00
Dortmund,Oradea,2026-08-25T07:00:00,2026-08-28T23:59:59,2026-08-25T07:00:00
Dortmund,Podgorica,2026-08-25T07:00:00,2026-08-28T23:59:59,2026-08-25T07:00:00
Dortmund,Pristina,2026-08-25T07:00:00,2026-08-28T23:59:59,2026-08-25T07:00:00
Dortmund,Sibiu,2026-08-25T07:00:00,2026-08-28T23:59:59,2026-08-25T07:00:00
Dortmund,Skopje,2026-08-25T07:00:00,2026-08-28T23:59:59,2026-08-25T07:00:00
Dortmund,Suceava,2026-08-25T07:00:00,2026-08-28T23:59:59,2026-08-25T07:00:00
Dortmund,Szczytno,2026-08-25T07:00:00,2026-08-28T23:59:59,2026-08-25T07:00:00
Dortmund,Targu-Mures,2026-08-25T07:00:00,2026-08-28T23:59:59,2026-08-25T07:00:00
Dortmund,Timisoara,2026-08-25T07:00:00,2026-08-28T23:59:59,2026-08-25T07:00:00
Dortmund,Tirana,2026-08-25T07:00:00,2026-08-28T23:59:59,2026-08-25T07:00:00
Dortmund,Tuzla,2026-08-25T07:00:00,2026-08-28T23:59:59,2026-08-25T07:00:00
Dortmund,Varna,2026-08-25T07:00:00,2026-08-28T23:59:59,2026-08-25T07:00:00
Dortmund,Vilnius,2026-08-25T07:00:00,2026-08-28T23:59:59,2026-08-25T07:00:00
Dortmund,Wroclaw,2026-08-25T07:00:00,2026-08-28T23:59:59,2026-08-25T07:00:00
Dortmund,Yerevan,2026-08-25T07:00:00,2026-08-28T23:59:59,2026-08-25T07:00:00
Dubrovnik,Bucharest,2026-08-25T07:00:00,2026-08-28T23:59:59,2026-08-25T07:00:00
Dubrovnik,Cluj,2026-08-25T07:00:00,2026-08-28T23:59:59,2026-08-25T07:00:00
Dubrovnik,Gdansk,2026-08-25T07:00:00,2026-08-28T23:59:59,2026-08-25T07:00:00
Dubrovnik,Warsaw,2026-08-25T07:00:00,2026-08-28T23:59:59,2026-08-25T07:00:00
Eindhoven,Belgrade,2026-08-25T07:00:00,2026-08-28T23:59:59,2026-08-25T07:00:00
Eindhoven,Bucharest,2026-08-25T07:00:00,2026-08-28T23:59:59,2026-08-25T07:00:00
Eindhoven,Budapest,2026-08-25T07:00:00,2026-08-28T23:59:59,2026-08-25T07:00:00
Eindhoven,Cluj,2026-08-25T07:00:00,2026-08-28T23:59:59,2026-08-25T07:00:00
Eindhoven,Debrecen,2026-08-25T07:00:00,2026-08-28T23:59:59,2026-08-25T07:00:00
Eindhoven,Gdansk,2026-08-25T07:00:00,2026-08-28T23:59:59,2026-08-25T07:00:00
Eindhoven,Iasi,2026-08-25T07:00:00,2026-08-28T23:59:59,2026-08-25T07:00:00
Eindhoven,Katowice,2026-08-25T07:00:00,2026-08-28T23:59:59,2026-08-25T07:00:00
Eindhoven,Skopje,2026-08-25T07:00:00,2026-08-28T23:59:59,2026-08-25T07:00:00
Eindhoven,Sofia,2026-08-25T07:00:00,2026-08-28T23:59:59,2026-08-25T07:00:00
Eindhoven,Tirana,2026-08-25T07:00:00,2026-08-28T23:59:59,2026-08-25T07:00:00
Eindhoven,Varna,2026-08-25T07:00:00,2026-08-28T23:59:59,2026-08-25T07:00:00
Eindhoven,Warsaw,2026-08-25T07:00:00,2026-08-28T23:59:59,2026-08-25T07:00:00
Faro,Bucharest,2026-08-25T07:00:00,2026-08-28T23:59:59,2026-08-25T07:00:00
Faro,London,2026-08-25T07:00:00,2026-08-28T23:59:59,2026-08-25T07:00:00
Frankfurt,Kutaisi,2026-08-25T07:00:00,2026-08-28T23:59:59,2026-08-25T07:00:00
Frankfurt,Skopje,2026-08-25T07:00:00,2026-08-28T23:59:59,2026-08-25T07:00:00
Frankfurt,Timisoara,2026-08-25T07:00:00,2026-08-28T23:59:59,2026-08-25T07:00:00
Frankfurt,Tirana,2026-08-25T07:00:00,2026-08-28T23:59:59,2026-08-25T07:00:00
Frankfurt,Tuzla,2026-08-25T07:00:00,2026-08-28T23:59:59,2026-08-25T07:00:00
Friedrichshafen,Belgrade,2026-08-25T07:00:00,2026-08-28T23:59:59,2026-08-25T07:00:00
Friedrichshafen,Skopje,2026-08-25T07:00:00,2026-08-28T23:59:59,2026-08-25T07:00:00
Gdansk,Aalesund,2026-08-25T07:00:00,2026-08-28T23:59:59,2026-08-25T07:00:00
Gdansk,Athens,2026-08-25T07:00:00,2026-08-28T23:59:59,2026-08-25T07:00:00
Gdansk,Bergen,2026-08-25T07:00:00,2026-08-28T23:59:59,2026-08-25T07:00:00
Gdansk,Billund,2026-08-25T07:00:00,2026-08-28T23:59:59,2026-08-25T07:00:00
Gdansk,Bucharest,2026-08-25T07:00:00,2026-08-28T23:59:59,2026-08-25T07:00:00
Gdansk,Burgas,2026-08-25T07:00:00,2026-08-28T23:59:59,2026-08-25T07:00:00
Gdansk,Catania,2026-08-25T07:00:00,2026-08-28T23:59:59,2026-08-25T07:00:00
Gdansk,Copenhagen,2026-08-25T07:00:00,2026-08-28T23:59:59,2026-08-25T07:00:00
Gdansk,Dortmund,2026-08-25T07:00:00,2026-08-28T23:59:59,2026-08-25T07:00:00
Gdansk,Dubrovnik,2026-08-25T07:00:00,2026-08-28T23:59:59,2026-08-25T07:00:00
Gdansk,Gothenburg,2026-08-25T07:00:00,2026-08-28T23:59:59,2026-08-25T07:00:00
Gdansk,Haugesund,2026-08-25T07:00:00,2026-08-28T23:59:59,2026-08-25T07:00:00
Gdansk,Malaga,2026-08-25T07:00:00,2026-08-28T23:59:59,2026-08-25T07:00:00
Gdansk,Milan,2026-08-25T07:00:00,2026-08-28T23:59:59,2026-08-25T07:00:00
Gdansk,Nice,2026-08-25T07:00:00,2026-08-28T23:59:59,2026-08-25T07:00:00
Gdansk,Oslo,2026-08-25T07:00:00,2026-08-28T23:59:59,2026-08-25T07:00:00
Gdansk,Podgorica,2026-08-25T07:00:00,2026-08-28T23:59:59,2026-08-25T07:00:00
Gdansk,Reykjavik,2026-08-25T07:00:00,2026-08-28T23:59:59,2026-08-25T07:00:00
Gdansk,Rome,2026-08-25T07:00:00,2026-08-28T23:59:59,2026-08-25T07:00:00
Gdansk,Stavanger,2026-08-25T07:00:00,2026-08-28T23:59:59,2026-08-25T07:00:00
Gdansk,Stockholm,2026-08-25T07:00:00,2026-08-28T23:59:59,2026-08-25T07:00:00
Gdansk,Tirana,2026-08-25T07:00:00,2026-08-28T23:59:59,2026-08-25T07:00:00
Gdansk,Tromso,2026-08-25T07:00:00,2026-08-28T23:59:59,2026-08-25T07:00:00
Gdansk,Turku,2026-08-25T07:00:00,2026-08-28T23:59:59,2026-08-25T07:00:00
Genoa,Budapest,2026-08-25T07:00:00,2026-08-28T23:59:59,2026-08-25T07:00:00
Genoa,Krakow,2026-08-25T07:00:00,2026-08-28T23:59:59,2026-08-25T07:00:00
Genoa,Tirana,2026-08-25T07:00:00,2026-08-28T23:59:59,2026-08-25T07:00:00
Genoa,Warsaw,2026-08-25T07:00:00,2026-08-28T23:59:59,2026-08-25T07:00:00
Glasgow,Rome,2026-08-25T07:00:00,2026-08-28T23:59:59,2026-08-25T07:00:00
Gothenburg,Belgrade,2026-08-25T07:00:00,2026-08-28T23:59:59,2026-08-25T07:00:00
Gothenburg,Gdansk,2026-08-25T07:00:00,2026-08-28T23:59:59,2026-08-25T07:00:00
Gothenburg,Skopje,2026-08-25T07:00:00,2026-08-28T23:59:59,2026-08-25T07:00:00
Gothenburg,Tuzla,2026-08-25T07:00:00,2026-08-28T23:59:59,2026-08-25T07:00:00
Gran Canaria,Bucharest,2026-08-25T07:00:00,2026-08-28T23:59:59,2026-08-25T07:00:00
Hamburg,Belgrade,2026-08-25T07:00:00,2026-08-28T23:59:59,2026-08-25T07:00:00
Hamburg,Bucharest,2026-08-25T07:00:00,2026-08-28T23:59:59,2026-08-25T07:00:00
Hamburg,Chisinau,2026-08-25T07:00:00,2026-08-28T23:59:59,2026-08-25T07:00:00
Hamburg,Gdansk,2026-08-25T07:00:00,2026-08-28T23:59:59,2026-08-25T07:00:00
Hamburg,Kutaisi,2026-08-25T07:00:00,2026-08-28T23:59:59,2026-08-25T07:00:00
Hamburg,Podgorica,2026-08-25T07:00:00,2026-08-28T23:59:59,2026-08-25T07:00:00
Hamburg,Skopje,2026-08-25T07:00:00,2026-08-28T23:59:59,2026-08-25T07:00:00
Hamburg,Sofia,2026-08-25T07:00:00,2026-08-28T23:59:59,2026-08-25T07:00:00
Hamburg,Tirana,2026-08-25T07:00:00,2026-08-28T23:59:59,2026-08-25T07:00:00
Hamburg,Tuzla,2026-08-25T07:00:00,2026-08-28T23:59:59,2026-08-25T07:00:00
Hamburg,Varna,2026-08-25T07:00:00,2026-08-28T23:59:59,2026-08-25T07:00:00
Hamburg,Yerevan,2026-08-25T07:00:00,2026-08-28T23:59:59,2026-08-25T07:00:00
Haugesund,Gdansk,2026-08-25T07:00:00,2026-08-28T23:59:59,2026-08-25T07:00:00
Heraklion,Bucharest,2026-08-25T07:00:00,2026-08-28T23:59:59,2026-08-25T07:00:00
Heraklion,Budapest,2026-08-25T07:00:00,2026-08-28T23:59:59,2026-08-25T07:00:00
Heraklion,Cluj,2026-08-25T07:00:00,2026-08-28T23:59:59,2026-08-25T07:00:00
Heraklion,Krakow,2026-08-25T07:00:00,2026-08-28T23:59:59,2026-08-25T07:00:00
Heraklion,Milan,2026-08-25T07:00:00,2026-08-28T23:59:59,2026-08-25T07:00:00
Heraklion,Rome,2026-08-25T07:00:00,2026-08-28T23:59:59,2026-08-25T07:00:00
Heraklion,Warsaw,2026-08-25T07:00:00,2026-08-28T23:59:59,2026-08-25T07:00:00
Iasi,Barcelona,2026-08-25T07:00:00,2026-08-28T23:59:59,2026-08-25T07:00:00
Iasi,Dortmund,2026-08-25T07:00:00,2026-08-28T23:59:59,2026-08-25T07:00:00
Iasi,Istanbul,2026-08-25T07:00:00,2026-08-28T23:59:59,2026-08-25T07:00:00
Iasi,Milan,2026-08-25T07:00:00,2026-08-28T23:59:59,2026-08-25T07:00:00
Iasi,Prague,2026-08-25T07:00:00,2026-08-28T23:59:59,2026-08-25T07:00:00
Istanbul,Iasi,2026-08-25T07:00:00,2026-08-28T23:59:59,2026-08-25T07:00:00
Karlsruhe/Baden-Baden,Belgrade,2026-08-25T07:00:00,2026-08-28T23:59:59,2026-08-25T07:00:00
Karlsruhe/Baden-Baden,Podgorica,2026-08-25T07:00:00,2026-08-28T23:59:59,2026-08-25T07:00:00
Karlsruhe/Baden-Baden,Sibiu,2026-08-25T07:00:00,2026-08-28T23:59:59,2026-08-25T07:00:00
Karlsruhe/Baden-Baden,Skopje,2026-08-25T07:00:00,2026-08-28T23:59:59,2026-08-25T07:00:00
Karlsruhe/Baden-Baden,Timisoara,2026-08-25T07:00:00,2026-08-28T23:59:59,2026-08-25T07:00:00
Karlsruhe/Baden-Baden,Tirana,2026-08-25T07:00:00,2026-08-28T23:59:59,2026-08-25T07:00:00
Katowice,Athens,2026-08-25T07:00:00,2026-08-28T23:59:59,2026-08-25T07:00:00
Katowice,Billund,2026-08-25T07:00:00,2026-08-28T23:59:59,2026-08-25T07:00:00
Katowice,Brasov,2026-08-25T07:00:00,2026-08-28T23:59:59,2026-08-25T07:00:00
Katowice,Burgas,2026-08-25T07:00:00,2026-08-28T23:59:59,2026-08-25T07:00:00
Katowice,Catania,2026-08-25T07:00:00,2026-08-28T23:59:59,2026-08-25T07:00:00
Katowice,Comiso,2026-08-25T07:00:00,2026-08-28T23:59:59,2026-08-25T07:00:00
Katowice,Dubrovnik,2026-08-25T07:00:00,2026-08-28T23:59:59,2026-08-25T07:00:00
Katowice,Lamezia Terme,2026-08-25T07:00:00,2026-08-28T23:59:59,2026-08-25T07:00:00
Katowice,Malaga,2026-08-25T07:00:00,2026-08-28T23:59:59,2026-08-25T07:00:00
Katowice,Malta,2026-08-25T07:00:00,2026-08-28T23:59:59,2026-08-25T07:00:00
Katowice,Ohrid,2026-08-25T07:00:00,2026-08-28T23:59:59,2026-08-25T07:00:00
Katowice,Podgorica,2026-08-25T07:00:00,2026-08-28T23:59:59,2026-08-25T07:00:00
Katowice,Rijeka,2026-08-25T07:00:00,2026-08-28T23:59:59,2026-08-25T07:00:00
Katowice,Varna,2026-08-25T07:00:00,2026-08-28T23:59:59,2026-08-25T07:00:00
Kefallinia,Bucharest,2026-08-25T07:00:00,2026-08-28T23:59:59,2026-08-25T07:00:00
Kefallinia,Budapest,2026-08-25T07:00:00,2026-08-28T23:59:59,2026-08-25T07:00:00
Kefallinia,Rome,2026-08-25T07:00:00,2026-08-28T23:59:59,2026-08-25T07:00:00
Kerkyra,Bucharest,2026-08-25T07:00:00,2026-08-28T23:59:59,2026-08-25T07:00:00
Kerkyra,Budapest,2026-08-25T07:00:00,2026-08-28T23:59:59,2026-08-25T07:00:00
Kerkyra,Cluj,2026-08-25T07:00:00,2026-08-28T23:59:59,2026-08-25T07:00:00
Kerkyra,Sofia,2026-08-25T07:00:00,2026-08-28T23:59:59,2026-08-25T07:00:00
Kerkyra,Warsaw,2026-08-25T07:00:00,2026-08-28T23:59:59,2026-08-25T07:00:00
Krakow,Barcelona,2026-08-25T07:00:00,2026-08-28T23:59:59,2026-08-25T07:00:00
Krakow,Bergen,2026-08-25T07:00:00,2026-08-28T23:59:59,2026-08-25T07:00:00
Krakow,Bucharest,2026-08-25T07:00:00,2026-08-28T23:59:59,2026-08-25T07:00:00
Krakow,Rhodes,2026-08-25T07:00:00,2026-08-28T23:59:59,2026-08-25T07:00:00
Krakow,Sofia,2026-08-25T07:00:00,2026-08-28T23:59:59,2026-08-25T07:00:00
Krakow,Vilnius,2026-08-25T07:00:00,2026-08-28T23:59:59,2026-08-25T07:00:00
Kutaisi,Barcelona,2026-08-25T07:00:00,2026-08-28T23:59:59,2026-08-25T07:00:00
Kutaisi,Berlin,2026-08-25T07:00:00,2026-08-28T23:59:59,2026-08-25T07:00:00
Kutaisi,Dortmund,2026-08-25T07:00:00,2026-08-28T23:59:59,2026-08-25T07:00:00
Kutaisi,Frankfurt,2026-08-25T07:00:00,2026-08-28T23:59:59,2026-08-25T07:00:00
Kutaisi,Hamburg,2026-08-25T07:00:00,2026-08-28T23:59:59,2026-08-25T07:00:00
Kutaisi,Katowice,2026-08-25T07:00:00,2026-08-28T23:59:59,2026-08-25T07:00:00
Kutaisi,Larnaca,2026-08-25T07:00:00,2026-08-28T23:59:59,2026-08-25T07:00:00
Kutaisi,Poznan,2026-08-25T07:00:00,2026-08-28T23:59:59,2026-08-25T07:00:00
Kutaisi,Prague,2026-08-25T07:00:00,2026-08-28T23:59:59,2026-08-25T07:00:00
Lamezia Terme,Budapest,2026-08-25T07:00:00,2026-08-28T23:59:59,2026-08-25T07:00:00
Lamezia Terme,Sofia,2026-08-25T07:00:00,2026-08-28T23:59:59,2026-08-25T07:00:00
Lamezia Terme,Warsaw,2026-08-25T07:00:00,2026-08-28T23:59:59,2026-08-25T07:00:00
Larnaca,Athens,2026-08-25T07:00:00,2026-08-28T23:59:59,2026-08-25T07:00:00
Larnaca,Barcelona,2026-08-25T07:00:00,2026-08-28T23:59:59,2026-08-25T07:00:00
Larnaca,Bratislava,2026-08-25T07:00:00,2026-08-28T23:59:59,2026-08-25T07:00:00
Larnaca,Debrecen,2026-08-25T07:00:00,2026-08-28T23:59:59,2026-08-25T07:00:00
Larnaca,Gyumri,2026-08-25T07:00:00,2026-08-28T23:59:59,2026-08-25T07:00:00
Larnaca,Iasi,2026-08-25T07:00:00,2026-08-28T23:59:59,2026-08-25T07:00:00
Larnaca,Katowice,2026-08-25T07:00:00,2026-08-28T23:59:59,2026-08-25T07:00:00
Larnaca,Kutaisi,2026-08-25T07:00:00,2026-08-28T23:59:59,2026-08-25T07:00:00
Larnaca,Prague,2026-08-25T07:00:00,2026-08-28T23:59:59,2026-08-25T07:00:00
Larnaca,Radom,2026-08-25T07:00:00,2026-08-28T23:59:59,2026-08-25T07:00:00
Larnaca,Thessaloniki,2026-08-25T07:00:00,2026-08-28T23:59:59,2026-08-25T07:00:00
Larnaca,Timisoara,2026-08-25T07:00:00,2026-08-28T23:59:59,2026-08-25T07:00:00
Larnaca,Warsaw,2026-08-25T07:00:00,2026-08-28T23:59:59,2026-08-25T07:00:00
Larnaca,Yerevan,2026-08-25T07:00:00,2026-08-28T23:59:59,2026-08-25T07:00:00
Leeds/Bradford,Bucharest,2026-08-25T07:00:00,2026-08-28T23:59:59,2026-08-25T07:00:00
Leeds/Bradford,Warsaw,2026-08-25T07:00:00,2026-08-28T23:59:59,2026-08-25T07:00:00
Lisbon,Bucharest,2026-08-25T07:00:00,2026-08-28T23:59:59,2026-08-25T07:00:00
Lisbon,Budapest,2026-08-25T07:00:00,2026-08-28T23:59:59,2026-08-25T07:00:00
Lisbon,Cluj,2026-08-25T07:00:00,2026-08-28T23:59:59,2026-08-25T07:00:00
Liverpool,Bucharest,2026-08-25T07:00:00,2026-08-28T23:59:59,2026-08-25T07:00:00
Liverpool,Iasi,2026-08-25T07:00:00,2026-08-28T23:59:59,2026-08-25T07:00:00
Liverpool,Warsaw,2026-08-25T07:00:00,2026-08-28T23:59:59,2026-08-25T07:00:00
Ljubljana,Podgorica,2026-08-25T07:00:00,2026-08-28T23:59:59,2026-08-25T07:00:00
Ljubljana,Skopje,2026-08-25T07:00:00,2026-08-28T23:59:59,2026-08-25T07:00:00
London,Alicante,2026-08-25T07:00:00,2026-08-28T23:59:59,2026-08-25T07:00:00
London,Antalya,2026-08-25T07:00:00,2026-08-28T23:59:59,2026-08-25T07:00:00
London,Athens,2026-08-25T07:00:00,2026-08-28T23:59:59,2026-08-25T07:00:00
London,Bacau,2026-08-25T07:00:00,2026-08-28T23:59:59,2026-08-25T07:00:00
London,Barcelona,2026-08-25T07:00:00,2026-08-28T23:59:59,2026-08-25T07:00:00
London,Belgrade,2026-08-25T07:00:00,2026-08-28T23:59:59,2026-08-25T07:00:00
London,Bilbao,2026-08-25T07:00:00,2026-08-28T23:59:59,2026-08-25T07:00:00
London,Bordeaux,2026-08-25T07:00:00,2026-08-28T23:59:59,2026-08-25T07:00:00
London,Brasov,2026-08-25T07:00:00,2026-08-28T23:59:59,2026-08-25T07:00:00
London,Bratislava,2026-08-25T07:00:00,2026-08-28T23:59:59,2026-08-25T07:00:00
London,Bucharest,2026-08-25T07:00:00,2026-08-28T23:59:59,2026-08-25T07:00:00
London,Budapest,2026-08-25T07:00:00,2026-08-28T23:59:59,2026-08-25T07:00:00
London,Burgas,2026-08-25T07:00:00,2026-08-28T23:59:59,2026-08-25T07:00:00
London,Craiova,2026-08-25T07:00:00,2026-08-28T23:59:59,2026-08-25T07:00:00
London,Dalaman,2026-08-25T07:00:00,2026-08-28T23:59:59,2026-08-25T07:00:00
London,Debrecen,2026-08-25T07:00:00,2026-08-28T23:59:59,2026-08-25T07:00:00
London,Faro,2026-08-25T07:00:00,2026-08-28T23:59:59,2026-08-25T07:00:00
London,Gdansk,2026-08-25T07:00:00,2026-08-28T23:59:59,2026-08-25T07:00:00
London,Iasi,2026-08-25T07:00:00,2026-08-28T23:59:59,2026-08-25T07:00:00
London,Istanbul,2026-08-25T07:00:00,2026-08-28T23:59:59,2026-08-25T07:00:00
London,Katowice,2026-08-25T07:00:00,2026-08-28T23:59:59,2026-08-25T07:00:00
London,Kerkyra,2026-08-25T07:00:00,2026-08-28T23:59:59,2026-08-25T07:00:00
London,Krakow,2026-08-25T07:00:00,2026-08-28T23:59:59,2026-08-25T07:00:00
London,Larnaca,2026-08-25T07:00:00,2026-08-28T23:59:59,2026-08-25T07:00:00
London,Lublin,2026-08-25T07:00:00,2026-08-28T23:59:59,2026-08-25T07:00:00
London,Lyon,2026-08-25T07:00:00,2026-08-28T23:59:59,2026-08-25T07:00:00
London,Madrid,2026-08-25T07:00:00,2026-08-28T23:59:59,2026-08-25T07:00:00
London,Malaga,2026-08-25T07:00:00,2026-08-28T23:59:59,2026-08-25T07:00:00
London,Mykonos,2026-08-25T07:00:00,2026-08-28T23:59:59,2026-08-25T07:00:00
London,Palma De Mallorca,2026-08-25T07:00:00,2026-08-28T23:59:59,2026-08-25T07:00:00
London,Plovdiv,2026-08-25T07:00:00,2026-08-28T23:59:59,2026-08-25T07:00:00
London,Podgorica,2026-08-25T07:00:00,2026-08-28T23:59:59,2026-08-25T07:00:00
London,Poprad/Tatry,2026-08-25T07:00:00,2026-08-28T23:59:59,2026-08-25T07:00:00
London,Poznan,2026-08-25T07:00:00,2026-08-28T23:59:59,2026-08-25T07:00:00
London,Prague,2026-08-25T07:00:00,2026-08-28T23:59:59,2026-08-25T07:00:00
London,Pristina,2026-08-25T07:00:00,2026-08-28T23:59:59,2026-08-25T07:00:00
London,Rhodes,2026-08-25T07:00:00,2026-08-28T23:59:59,2026-08-25T07:00:00
London,Rome,2026-08-25T07:00:00,2026-08-28T23:59:59,2026-08-25T07:00:00
London,Santorini,2026-08-25T07:00:00,2026-08-28T23:59:59,2026-08-25T07:00:00
London,Satu Mare,2026-08-25T07:00:00,2026-08-28T23:59:59,2026-08-25T07:00:00
London,Sevilla,2026-08-25T07:00:00,2026-08-28T23:59:59,2026-08-25T07:00:00
London,Sibiu,2026-08-25T07:00:00,2026-08-28T23:59:59,2026-08-25T07:00:00
London,Skopje,2026-08-25T07:00:00,2026-08-28T23:59:59,2026-08-25T07:00:00
London,Sofia,2026-08-25T07:00:00,2026-08-28T23:59:59,2026-08-25T07:00:00
London,Split,2026-08-25T07:00:00,2026-08-28T23:59:59,2026-08-25T07:00:00
London,Suceava,2026-08-25T07:00:00,2026-08-28T23:59:59,2026-08-25T07:00:00
London,Targu-Mures,2026-08-25T07:00:00,2026-08-28T23:59:59,2026-08-25T07:00:00
London,Tirana,2026-08-25T07:00:00,2026-08-28T23:59:59,2026-08-25T07:00:00
London,Turin,2026-08-25T07:00:00,2026-08-28T23:59:59,2026-08-25T07:00:00
London,Valencia,2026-08-25T07:00:00,2026-08-28T23:59:59,2026-08-25T07:00:00
London,Varna,2026-08-25T07:00:00,2026-08-28T23:59:59,2026-08-25T07:00:00
London,Venice,2026-08-25T07:00:00,2026-08-28T23:59:59,2026-08-25T07:00:00
London,Warsaw,2026-08-25T07:00:00,2026-08-28T23:59:59,2026-08-25T07:00:00
London,Wroclaw,2026-08-25T07:00:00,2026-08-28T23:59:59,2026-08-25T07:00:00
London,Zakinthos Island,2026-08-25T07:00:00,2026-08-28T23:59:59,2026-08-25T07:00:00
Lublin,Burgas,2026-08-25T07:00:00,2026-08-28T23:59:59,2026-08-25T07:00:00
Lublin,Rijeka,2026-08-25T07:00:00,2026-08-28T23:59:59,2026-08-25T07:00:00
Lublin,Split,2026-08-25T07:00:00,2026-08-28T23:59:59,2026-08-25T07:00:00
Lyon,Bucharest,2026-08-25T07:00:00,2026-08-28T23:59:59,2026-08-25T07:00:00
Lyon,Kutaisi,2026-08-25T07:00:00,2026-08-28T23:59:59,2026-08-25T07:00:00
Lyon,Tirana,2026-08-25T07:00:00,2026-08-28T23:59:59,2026-08-25T07:00:00
Maastricht,Podgorica,2026-08-25T07:00:00,2026-08-28T23:59:59,2026-08-25T07:00:00
Maastricht,Tuzla,2026-08-25T07:00:00,2026-08-28T23:59:59,2026-08-25T07:00:00
Madrid,Belgrade,2026-08-25T07:00:00,2026-08-28T23:59:59,2026-08-25T07:00:00
Madrid,Bucharest,2026-08-25T07:00:00,2026-08-28T23:59:59,2026-08-25T07:00:00
Madrid,Cluj,2026-08-25T07:00:00,2026-08-28T23:59:59,2026-08-25T07:00:00
Madrid,Craiova,2026-08-25T07:00:00,2026-08-28T23:59:59,2026-08-25T07:00:00
Madrid,Gdansk,2026-08-25T07:00:00,2026-08-28T23:59:59,2026-08-25T07:00:00
Madrid,Katowice,2026-08-25T07:00:00,2026-08-28T23:59:59,2026-08-25T07:00:00
Madrid,Kutaisi,2026-08-25T07:00:00,2026-08-28T23:59:59,2026-08-25T07:00:00
Madrid,Rome,2026-08-25T07:00:00,2026-08-28T23:59:59,2026-08-25T07:00:00
Madrid,Skopje,2026-08-25T07:00:00,2026-08-28T23:59:59,2026-08-25T07:00:00
Madrid,Sofia,2026-08-25T07:00:00,2026-08-28T23:59:59,2026-08-25T07:00:00
Madrid,Timisoara,2026-08-25T07:00:00,2026-08-28T23:59:59,2026-08-25T07:00:00
Madrid,Tirana,2026-08-25T07:00:00,2026-08-28T23:59:59,2026-08-25T07:00:00
Madrid,Warsaw,2026-08-25T07:00:00,2026-08-28T23:59:59,2026-08-25T07:00:00
Malaga,Bratislava,2026-08-25T07:00:00,2026-08-28T23:59:59,2026-08-25T07:00:00
Malaga,Bucharest,2026-08-25T07:00:00,2026-08-28T23:59:59,2026-08-25T07:00:00
Malaga,Budapest,2026-08-25T07:00:00,2026-08-28T23:59:59,2026-08-25T07:00:00
Malaga,Katowice,2026-08-25T07:00:00,2026-08-28T23:59:59,2026-08-25T07:00:00
Malaga,Sofia,2026-08-25T07:00:00,2026-08-28T23:59:59,2026-08-25T07:00:00
Malaga,Tirana,2026-08-25T07:00:00,2026-08-28T23:59:59,2026-08-25T07:00:00
Malaga,Warsaw,2026-08-25T07:00:00,2026-08-28T23:59:59,2026-08-25T07:00:00
Malmo,Belgrade,2026-08-25T07:00:00,2026-08-28T23:59:59,2026-08-25T07:00:00
Malmo,Podgorica,2026-08-25T07:00:00,2026-08-28T23:59:59,2026-08-25T07:00:00
Malmo,Skopje,2026-08-25T07:00:00,2026-08-28T23:59:59,2026-08-25T07:00:00
Malmo,Tirana,2026-08-25T07:00:00,2026-08-28T23:59:59,2026-08-25T07:00:00
Malmo,Tuzla,2026-08-25T07:00:00,2026-08-28T23:59:59,2026-08-25T07:00:00
Malta,Bucharest,2026-08-25T07:00:00,2026-08-28T23:59:59,2026-08-25T07:00:00
Malta,Budapest,2026-08-25T07:00:00,2026-08-28T23:59:59,2026-08-25T07:00:00
Malta,Skopje,2026-08-25T07:00:00,2026-08-28T23:59:59,2026-08-25T07:00:00
Malta,Tirana,2026-08-25T07:00:00,2026-08-28T23:59:59,2026-08-25T07:00:00
Malta,Warsaw,2026-08-25T07:00:00,2026-08-28T23:59:59,2026-08-25T07:00:00
Memmingen,Belgrade,2026-08-25T07:00:00,2026-08-28T23:59:59,2026-08-25T07:00:00
Memmingen,Brasov,2026-08-25T07:00:00,2026-08-28T23:59:59,2026-08-25T07:00:00
Memmingen,Bucharest,2026-08-25T07:00:00,2026-08-28T23:59:59,2026-08-25T07:00:00
Memmingen,Catania,2026-08-25T07:00:00,2026-08-28T23:59:59,2026-08-25T07:00:00
Memmingen,Chisinau,2026-08-25T07:00:00,2026-08-28T23:59:59,2026-08-25T07:00:00
Memmingen,Iasi,2026-08-25T07:00:00,2026-08-28T23:59:59,2026-08-25T07:00:00
Memmingen,Kutaisi,2026-08-25T07:00:00,2026-08-28T23:59:59,2026-08-25T07:00:00
Memmingen,Nis,2026-08-25T07:00:00,2026-08-28T23:59:59,2026-08-25T07:00:00
Memmingen,Ohrid,2026-08-25T07:00:00,2026-08-28T23:59:59,2026-08-25T07:00:00
Memmingen,Podgorica,2026-08-25T07:00:00,2026-08-28T23:59:59,2026-08-25T07:00:00
Memmingen,Pristina,2026-08-25T07:00:00,2026-08-28T23:59:59,2026-08-25T07:00:00
Memmingen,Skopje,2026-08-25T07:00:00,2026-08-28T23:59:59,2026-08-25T07:00:00
Memmingen,Suceava,2026-08-25T07:00:00,2026-08-28T23:59:59,2026-08-25T07:00:00
Memmingen,Targu-Mures,2026-08-25T07:00:00,2026-08-28T23:59:59,2026-08-25T07:00:00
Memmingen,Tirana,2026-08-25T07:00:00,2026-08-28T23:59:59,2026-08-25T07:00:00
Memmingen,Tuzla,2026-08-25T07:00:00,2026-08-28T23:59:59,2026-08-25T07:00:00
Memmingen,Varna,2026-08-25T07:00:00,2026-08-28T23:59:59,2026-08-25T07:00:00
Menorca,Budapest,2026-08-25T07:00:00,2026-08-28T23:59:59,2026-08-25T07:00:00
Menorca,Rome,2026-08-25T07:00:00,2026-08-28T23:59:59,2026-08-25T07:00:00
Milan,Alicante,2026-08-25T07:00:00,2026-08-28T23:59:59,2026-08-25T07:00:00
Milan,Barcelona,2026-08-25T07:00:00,2026-08-28T23:59:59,2026-08-25T07:00:00
Milan,Belgrade,2026-08-25T07:00:00,2026-08-28T23:59:59,2026-08-25T07:00:00
Milan,Bilbao,2026-08-25T07:00:00,2026-08-28T23:59:59,2026-08-25T07:00:00
Milan,Brasov,2026-08-25T07:00:00,2026-08-28T23:59:59,2026-08-25T07:00:00
Milan,Bucharest,2026-08-25T07:00:00,2026-08-28T23:59:59,2026-08-25T07:00:00
Milan,Budapest,2026-08-25T07:00:00,2026-08-28T23:59:59,2026-08-25T07:00:00
Milan,Chisinau,2026-08-25T07:00:00,2026-08-28T23:59:59,2026-08-25T07:00:00
Milan,Cluj,2026-08-25T07:00:00,2026-08-28T23:59:59,2026-08-25T07:00:00
Milan,Craiova,2026-08-25T07:00:00,2026-08-28T23:59:59,2026-08-25T07:00:00
Milan,Gdansk,2026-08-25T07:00:00,2026-08-28T23:59:59,2026-08-25T07:00:00
Milan,Glasgow,2026-08-25T07:00:00,2026-08-28T23:59:59,2026-08-25T07:00:00
Milan,Heraklion,2026-08-25T07:00:00,2026-08-28T23:59:59,2026-08-25T07:00:00
Milan,Iasi,2026-08-25T07:00:00,2026-08-28T23:59:59,2026-08-25T07:00:00
Milan,Kerkyra,2026-08-25T07:00:00,2026-08-28T23:59:59,2026-08-25T07:00:00
Milan,Krakow,2026-08-25T07:00:00,2026-08-28T23:59:59,2026-08-25T07:00:00
Milan,Kutaisi,2026-08-25T07:00:00,2026-08-28T23:59:59,2026-08-25T07:00:00
Milan,Madrid,2026-08-25T07:00:00,2026-08-28T23:59:59,2026-08-25T07:00:00
Milan,Malaga,2026-08-25T07:00:00,2026-08-28T23:59:59,2026-08-25T07:00:00
Milan,Marrakech,2026-08-25T07:00:00,2026-08-28T23:59:59,2026-08-25T07:00:00
Milan,Oradea,2026-08-25T07:00:00,2026-08-28T23:59:59,2026-08-25T07:00:00
Milan,Palma De Mallorca,2026-08-25T07:00:00,2026-08-28T23:59:59,2026-08-25T07:00:00
Milan,Podgorica,2026-08-25T07:00:00,2026-08-28T23:59:59,2026-08-25T07:00:00
Milan,Pristina,2026-08-25T07:00:00,2026-08-28T23:59:59,2026-08-25T07:00:00
Milan,Reykjavik,2026-08-25T07:00:00,2026-08-28T23:59:59,2026-08-25T07:00:00
Milan,Sevilla,2026-08-25T07:00:00,2026-08-28T23:59:59,2026-08-25T07:00:00
Milan,Skiathos,2026-08-25T07:00:00,2026-08-28T23:59:59,2026-08-25T07:00:00
Milan,Skopje,2026-08-25T07:00:00,2026-08-28T23:59:59,2026-08-25T07:00:00
Milan,Sofia,2026-08-25T07:00:00,2026-08-28T23:59:59,2026-08-25T07:00:00
Milan,Suceava,2026-08-25T07:00:00,2026-08-28T23:59:59,2026-08-25T07:00:00
Milan,Targu-Mures,2026-08-25T07:00:00,2026-08-28T23:59:59,2026-08-25T07:00:00
Milan,Timisoara,2026-08-25T07:00:00,2026-08-28T23:59:59,2026-08-25T07:00:00
Milan,Tirana,2026-08-25T07:00:00,2026-08-28T23:59:59,2026-08-25T07:00:00
Milan,Valencia,2026-08-25T07:00:00,2026-08-28T23:59:59,2026-08-25T07:00:00
Milan,Varna,2026-08-25T07:00:00,2026-08-28T23:59:59,2026-08-25T07:00:00
Milan,Warsaw,2026-08-25T07:00:00,2026-08-28T23:59:59,2026-08-25T07:00:00
Milan,Yerevan,2026-08-25T07:00:00,2026-08-28T23:59:59,2026-08-25T07:00:00
Milan,Zakinthos Island,2026-08-25T07:00:00,2026-08-28T23:59:59,2026-08-25T07:00:00
Mykonos,Bratislava,2026-08-25T07:00:00,2026-08-28T23:59:59,2026-08-25T07:00:00
Mykonos,Bucharest,2026-08-25T07:00:00,2026-08-28T23:59:59,2026-08-25T07:00:00
Naples,Brasov,2026-08-25T07:00:00,2026-08-28T23:59:59,2026-08-25T07:00:00
Naples,Bratislava,2026-08-25T07:00:00,2026-08-28T23:59:59,2026-08-25T07:00:00
Naples,Bucharest,2026-08-25T07:00:00,2026-08-28T23:59:59,2026-08-25T07:00:00
Naples,Budapest,2026-08-25T07:00:00,2026-08-28T23:59:59,2026-08-25T07:00:00
Naples,Cluj,2026-08-25T07:00:00,2026-08-28T23:59:59,2026-08-25T07:00:00
Naples,Craiova,2026-08-25T07:00:00,2026-08-28T23:59:59,2026-08-25T07:00:00
Naples,Katowice,2026-08-25T07:00:00,2026-08-28T23:59:59,2026-08-25T07:00:00
Naples,Palma De Mallorca,2026-08-25T07:00:00,2026-08-28T23:59:59,2026-08-25T07:00:00
Naples,Sharm el-Sheikh,2026-08-25T07:00:00,2026-08-28T23:59:59,2026-08-25T07:00:00
Naples,Skopje,2026-08-25T07:00:00,2026-08-28T23:59:59,2026-08-25T07:00:00
Naples,Sofia,2026-08-25T07:00:00,2026-08-28T23:59:59,2026-08-25T07:00:00
Naples,Tel Aviv,2026-08-25T07:00:00,2026-08-28T23:59:59,2026-08-25T07:00:00
Naples,Tirana,2026-08-25T07:00:00,2026-08-28T23:59:59,2026-08-25T07:00:00
Naples,Warsaw,2026-08-25T07:00:00,2026-08-28T23:59:59,2026-08-25T07:00:00
Naples,Yerevan,2026-08-25T07:00:00,2026-08-28T23:59:59,2026-08-25T07:00:00
Nice,Bratislava,2026-08-25T07:00:00,2026-08-28T23:59:59,2026-08-25T07:00:00
Nice,Bucharest,2026-08-25T07:00:00,2026-08-28T23:59:59,2026-08-25T07:00:00
Nice,Budapest,2026-08-25T07:00:00,2026-08-28T23:59:59,2026-08-25T07:00:00
Nice,Chisinau,2026-08-25T07:00:00,2026-08-28T23:59:59,2026-08-25T07:00:00
Nice,Gdansk,2026-08-25T07:00:00,2026-08-28T23:59:59,2026-08-25T07:00:00
Nice,Krakow,2026-08-25T07:00:00,2026-08-28T23:59:59,2026-08-25T07:00:00
Nice,Sofia,2026-08-25T07:00:00,2026-08-28T23:59:59,2026-08-25T07:00:00
Nice,Tirana,2026-08-25T07:00:00,2026-08-28T23:59:59,2026-08-25T07:00:00
Nice,Vilnius,2026-08-25T07:00:00,2026-08-28T23:59:59,2026-08-25T07:00:00
Nice,Warsaw,2026-08-25T07:00:00,2026-08-28T23:59:59,2026-08-25T07:00:00
Nice,Wroclaw,2026-08-25T07:00:00,2026-08-28T23:59:59,2026-08-25T07:00:00
Nuremberg,Brasov,2026-08-25T07:00:00,2026-08-28T23:59:59,2026-08-25T07:00:00
Nuremberg,Bucharest,2026-08-25T07:00:00,2026-08-28T23:59:59,2026-08-25T07:00:00
Nuremberg,Chisinau,2026-08-25T07:00:00,2026-08-28T23:59:59,2026-08-25T07:00:00
Nuremberg,Cluj,2026-08-25T07:00:00,2026-08-28T23:59:59,2026-08-25T07:00:00
Nuremberg,Skopje,2026-08-25T07:00:00,2026-08-28T23:59:59,2026-08-25T07:00:00
Nuremberg,Tirana,2026-08-25T07:00:00,2026-08-28T23:59:59,2026-08-25T07:00:00
Nuremberg,Varna,2026-08-25T07:00:00,2026-08-28T23:59:59,2026-08-25T07:00:00
Ohrid,Wroclaw,2026-08-25T07:00:00,2026-08-28T23:59:59,2026-08-25T07:00:00
Olbia,Warsaw,2026-08-25T07:00:00,2026-08-28T23:59:59,2026-08-25T07:00:00
Oslo,Bratislava,2026-08-25T07:00:00,2026-08-28T23:59:59,2026-08-25T07:00:00
Oslo,Gdansk,2026-08-25T07:00:00,2026-08-28T23:59:59,2026-08-25T07:00:00
Oslo,Klaipeda/Palanga,2026-08-25T07:00:00,2026-08-28T23:59:59,2026-08-25T07:00:00
Oslo,Skopje,2026-08-25T07:00:00,2026-08-28T23:59:59,2026-08-25T07:00:00
Oslo,Szczecin,2026-08-25T07:00:00,2026-08-28T23:59:59,2026-08-25T07:00:00
Palermo,Belgrade,2026-08-25T07:00:00,2026-08-28T23:59:59,2026-08-25T07:00:00
Palermo,Bratislava,2026-08-25T07:00:00,2026-08-28T23:59:59,2026-08-25T07:00:00
Palermo,Sharm el-Sheikh,2026-08-25T07:00:00,2026-08-28T23:59:59,2026-08-25T07:00:00
Palermo,Skopje,2026-08-25T07:00:00,2026-08-28T23:59:59,2026-08-25T07:00:00
Palermo,Sofia,2026-08-25T07:00:00,2026-08-28T23:59:59,2026-08-25T07:00:00
Palma De Mallorca,Bucharest,2026-08-25T07:00:00,2026-08-28T23:59:59,2026-08-25T07:00:00
Palma De Mallorca,Budapest,2026-08-25T07:00:00,2026-08-28T23:59:59,2026-08-25T07:00:00
Palma De Mallorca,Cluj,2026-08-25T07:00:00,2026-08-28T23:59:59,2026-08-25T07:00:00
Palma De Mallorca,London,2026-08-25T07:00:00,2026-08-28T23:59:59,2026-08-25T07:00:00
Palma De Mallorca,Rome,2026-08-25T07:00:00,2026-08-28T23:59:59,2026-08-25T07:00:00
Palma De Mallorca,Sofia,2026-08-25T07:00:00,2026-08-28T23:59:59,2026-08-25T07:00:00
Palma De Mallorca,Tirana,2026-08-25T07:00:00,2026-08-28T23:59:59,2026-08-25T07:00:00
Palma De Mallorca,Warsaw,2026-08-25T07:00:00,2026-08-28T23:59:59,2026-08-25T07:00:00
Paris,Belgrade,2026-08-25T07:00:00,2026-08-28T23:59:59,2026-08-25T07:00:00
Paris,Bucharest,2026-08-25T07:00:00,2026-08-28T23:59:59,2026-08-25T07:00:00
Paris,Budapest,2026-08-25T07:00:00,2026-08-28T23:59:59,2026-08-25T07:00:00
Paris,Chisinau,2026-08-25T07:00:00,2026-08-28T23:59:59,2026-08-25T07:00:00
Paris,Cluj,2026-08-25T07:00:00,2026-08-28T23:59:59,2026-08-25T07:00:00
Paris,Craiova,2026-08-25T07:00:00,2026-08-28T23:59:59,2026-08-25T07:00:00
Paris,Iasi,2026-08-25T07:00:00,2026-08-28T23:59:59,2026-08-25T07:00:00
Paris,Kutaisi,2026-08-25T07:00:00,2026-08-28T23:59:59,2026-08-25T07:00:00
Paris,Podgorica,2026-08-25T07:00:00,2026-08-28T23:59:59,2026-08-25T07:00:00
Paris,Rome,2026-08-25T07:00:00,2026-08-28T23:59:59,2026-08-25T07:00:00
Paris,Skopje,2026-08-25T07:00:00,2026-08-28T23:59:59,2026-08-25T07:00:00
Paris,Sofia,2026-08-25T07:00:00,2026-08-28T23:59:59,2026-08-25T07:00:00
Paris,Timisoara,2026-08-25T07:00:00,2026-08-28T23:59:59,2026-08-25T07:00:00
Paris,Tirana,2026-08-25T07:00:00,2026-08-28T23:59:59,2026-08-25T07:00:00
Paris,Tuzla,2026-08-25T07:00:00,2026-08-28T23:59:59,2026-08-25T07:00:00
Paris,Varna,2026-08-25T07:00:00,2026-08-28T23:59:59,2026-08-25T07:00:00
Paris,Warsaw,2026-08-25T07:00:00,2026-08-28T23:59:59,2026-08-25T07:00:00
Paris,Yerevan,2026-08-25T07:00:00,2026-08-28T23:59:59,2026-08-25T07:00:00
Perugia,Tirana,2026-08-25T07:00:00,2026-08-28T23:59:59,2026-08-25T07:00:00
Pescara,Bucharest,2026-08-25T07:00:00,2026-08-28T23:59:59,2026-08-25T07:00:00
Pescara,Tirana,2026-08-25T07:00:00,2026-08-28T23:59:59,2026-08-25T07:00:00
Pisa,Belgrade,2026-08-25T07:00:00,2026-08-28T23:59:59,2026-08-25T07:00:00
Pisa,Bucharest,2026-08-25T07:00:00,2026-08-28T23:59:59,2026-08-25T07:00:00
Pisa,Iasi,2026-08-25T07:00:00,2026-08-28T23:59:59,2026-08-25T07:00:00
Pisa,Tirana,2026-08-25T07:00:00,2026-08-28T23:59:59,2026-08-25T07:00:00
Pisa,Warsaw,2026-08-25T07:00:00,2026-08-28T23:59:59,2026-08-25T07:00:00
Podgorica,Catania,2026-08-25T07:00:00,2026-08-28T23:59:59,2026-08-25T07:00:00
Podgorica,Gdansk,2026-08-25T07:00:00,2026-08-28T23:59:59,2026-08-25T07:00:00
Podgorica,Katowice,2026-08-25T07:00:00,2026-08-28T23:59:59,2026-08-25T07:00:00
Podgorica,Rzeszow,2026-08-25T07:00:00,2026-08-28T23:59:59,2026-08-25T07:00:00
Podgorica,Vilnius,2026-08-25T07:00:00,2026-08-28T23:59:59,2026-08-25T07:00:00
Podgorica,Warsaw,2026-08-25T07:00:00,2026-08-28T23:59:59,2026-08-25T07:00:00
Podgorica,Wroclaw,2026-08-25T07:00:00,2026-08-28T23:59:59,2026-08-25T07:00:00
Porto,Bucharest,2026-08-25T07:00:00,2026-08-28T23:59:59,2026-08-25T07:00:00
Porto,Katowice,2026-08-25T07:00:00,2026-08-28T23:59:59,2026-08-25T07:00:00
Poznan,Kutaisi,2026-08-25T07:00:00,2026-08-28T23:59:59,2026-08-25T07:00:00
Poznan,Podgorica,2026-08-25T07:00:00,2026-08-28T23:59:59,2026-08-25T07:00:00
Prague,Bucharest,2026-08-25T07:00:00,2026-08-28T23:59:59,2026-08-25T07:00:00
Prague,Chisinau,2026-08-25T07:00:00,2026-08-28T23:59:59,2026-08-25T07:00:00
Prague,Iasi,2026-08-25T07:00:00,2026-08-28T23:59:59,2026-08-25T07:00:00
Prague,Kutaisi,2026-08-25T07:00:00,2026-08-28T23:59:59,2026-08-25T07:00:00
Prague,Larnaca,2026-08-25T07:00:00,2026-08-28T23:59:59,2026-08-25T07:00:00
Prague,Skopje,2026-08-25T07:00:00,2026-08-28T23:59:59,2026-08-25T07:00:00
Prague,Sofia,2026-08-25T07:00:00,2026-08-28T23:59:59,2026-08-25T07:00:00
Prague,Timisoara,2026-08-25T07:00:00,2026-08-28T23:59:59,2026-08-25T07:00:00
Prague,Tirana,2026-08-25T07:00:00,2026-08-28T23:59:59,2026-08-25T07:00:00
Prague,Yerevan,2026-08-25T07:00:00,2026-08-28T23:59:59,2026-08-25T07:00:00
Radom,Burgas,2026-08-25T07:00:00,2026-08-28T23:59:59,2026-08-25T07:00:00
Radom,Tirana,2026-08-25T07:00:00,2026-08-28T23:59:59,2026-08-25T07:00:00
Reykjavik,Gdansk,2026-08-25T07:00:00,2026-08-28T23:59:59,2026-08-25T07:00:00
Reykjavik,Wroclaw,2026-08-25T07:00:00,2026-08-28T23:59:59,2026-08-25T07:00:00
Rhodes,Budapest,2026-08-25T07:00:00,2026-08-28T23:59:59,2026-08-25T07:00:00
Rhodes,Chisinau,2026-08-25T07:00:00,2026-08-28T23:59:59,2026-08-25T07:00:00
Rhodes,Krakow,2026-08-25T07:00:00,2026-08-28T23:59:59,2026-08-25T07:00:00
Rhodes,Sofia,2026-08-25T07:00:00,2026-08-28T23:59:59,2026-08-25T07:00:00
Rhodes,Yerevan,2026-08-25T07:00:00,2026-08-28T23:59:59,2026-08-25T07:00:00
Rijeka,Gdansk,2026-08-25T07:00:00,2026-08-28T23:59:59,2026-08-25T07:00:00
Rijeka,Katowice,2026-08-25T07:00:00,2026-08-28T23:59:59,2026-08-25T07:00:00
Rijeka,Lublin,2026-08-25T07:00:00,2026-08-28T23:59:59,2026-08-25T07:00:00
Rimini,Budapest,2026-08-25T07:00:00,2026-08-28T23:59:59,2026-08-25T07:00:00
Rimini,Chisinau,2026-08-25T07:00:00,2026-08-28T23:59:59,2026-08-25T07:00:00
Rimini,Katowice,2026-08-25T07:00:00,2026-08-28T23:59:59,2026-08-25T07:00:00
Rimini,Sofia,2026-08-25T07:00:00,2026-08-28T23:59:59,2026-08-25T07:00:00
Rimini,Tirana,2026-08-25T07:00:00,2026-08-28T23:59:59,2026-08-25T07:00:00
Rimini,Warsaw,2026-08-25T07:00:00,2026-08-28T23:59:59,2026-08-25T07:00:00
Rome,Alicante,2026-08-25T07:00:00,2026-08-28T23:59:59,2026-08-25T07:00:00
Rome,Bacau,2026-08-25T07:00:00,2026-08-28T23:59:59,2026-08-25T07:00:00
Rome,Baku,2026-08-25T07:00:00,2026-08-28T23:59:59,2026-08-25T07:00:00
Rome,Barcelona,2026-08-25T07:00:00,2026-08-28T23:59:59,2026-08-25T07:00:00
Rome,Belgrade,2026-08-25T07:00:00,2026-08-28T23:59:59,2026-08-25T07:00:00
Rome,Bilbao,2026-08-25T07:00:00,2026-08-28T23:59:59,2026-08-25T07:00:00
Rome,Birmingham,2026-08-25T07:00:00,2026-08-28T23:59:59,2026-08-25T07:00:00
Rome,Brasov,2026-08-25T07:00:00,2026-08-28T23:59:59,2026-08-25T07:00:00
Rome,Bratislava,2026-08-25T07:00:00,2026-08-28T23:59:59,2026-08-25T07:00:00
Rome,Bucharest,2026-08-25T07:00:00,2026-08-28T23:59:59,2026-08-25T07:00:00
Rome,Budapest,2026-08-25T07:00:00,2026-08-28T23:59:59,2026-08-25T07:00:00
Rome,Chania,2026-08-25T07:00:00,2026-08-28T23:59:59,2026-08-25T07:00:00
Rome,Cluj,2026-08-25T07:00:00,2026-08-28T23:59:59,2026-08-25T07:00:00
Rome,Craiova,2026-08-25T07:00:00,2026-08-28T23:59:59,2026-08-25T07:00:00
Rome,Gdansk,2026-08-25T07:00:00,2026-08-28T23:59:59,2026-08-25T07:00:00
Rome,Giza,2026-08-25T07:00:00,2026-08-28T23:59:59,2026-08-25T07:00:00
Rome,Glasgow,2026-08-25T07:00:00,2026-08-28T23:59:59,2026-08-25T07:00:00
Rome,Heraklion,2026-08-25T07:00:00,2026-08-28T23:59:59,2026-08-25T07:00:00
Rome,Iasi,2026-08-25T07:00:00,2026-08-28T23:59:59,2026-08-25T07:00:00
Rome,Ibiza,2026-08-25T07:00:00,2026-08-28T23:59:59,2026-08-25T07:00:00
Rome,Katowice,2026-08-25T07:00:00,2026-08-28T23:59:59,2026-08-25T07:00:00
Rome,Kefallinia,2026-08-25T07:00:00,2026-08-28T23:59:59,2026-08-25T07:00:00
Rome,Kerkyra,2026-08-25T07:00:00,2026-08-28T23:59:59,2026-08-25T07:00:00
Rome,Krakow,2026-08-25T07:00:00,2026-08-28T23:59:59,2026-08-25T07:00:00
Rome,Kutaisi,2026-08-25T07:00:00,2026-08-28T23:59:59,2026-08-25T07:00:00
Rome,Larnaca,2026-08-25T07:00:00,2026-08-28T23:59:59,2026-08-25T07:00:00
Rome,Lisbon,2026-08-25T07:00:00,2026-08-28T23:59:59,2026-08-25T07:00:00
Rome,London,2026-08-25T07:00:00,2026-08-28T23:59:59,2026-08-25T07:00:00
Rome,Malaga,2026-08-25T07:00:00,2026-08-28T23:59:59,2026-08-25T07:00:00
Rome,Malta,2026-08-25T07:00:00,2026-08-28T23:59:59,2026-08-25T07:00:00
Rome,Menorca,2026-08-25T07:00:00,2026-08-28T23:59:59,2026-08-25T07:00:00
Rome,Mykonos,2026-08-25T07:00:00,2026-08-28T23:59:59,2026-08-25T07:00:00
Rome,Nice,2026-08-25T07:00:00,2026-08-28T23:59:59,2026-08-25T07:00:00
Rome,Oradea,2026-08-25T07:00:00,2026-08-28T23:59:59,2026-08-25T07:00:00
Rome,Palma De Mallorca,2026-08-25T07:00:00,2026-08-28T23:59:59,2026-08-25T07:00:00
Rome,Podgorica,2026-08-25T07:00:00,2026-08-28T23:59:59,2026-08-25T07:00:00
Rome,Porto,2026-08-25T07:00:00,2026-08-28T23:59:59,2026-08-25T07:00:00
Rome,Prague,2026-08-25T07:00:00,2026-08-28T23:59:59,2026-08-25T07:00:00
Rome,Rhodes,2026-08-25T07:00:00,2026-08-28T23:59:59,2026-08-25T07:00:00
Rome,Santorini,2026-08-25T07:00:00,2026-08-28T23:59:59,2026-08-25T07:00:00
Rome,Sarajevo,2026-08-25T07:00:00,2026-08-28T23:59:59,2026-08-25T07:00:00
Rome,Sevilla,2026-08-25T07:00:00,2026-08-28T23:59:59,2026-08-25T07:00:00
Rome,Sibiu,2026-08-25T07:00:00,2026-08-28T23:59:59,2026-08-25T07:00:00
Rome,Skiathos,2026-08-25T07:00:00,2026-08-28T23:59:59,2026-08-25T07:00:00
Rome,Skopje,2026-08-25T07:00:00,2026-08-28T23:59:59,2026-08-25T07:00:00
Rome,Sofia,2026-08-25T07:00:00,2026-08-28T23:59:59,2026-08-25T07:00:00
Rome,Suceava,2026-08-25T07:00:00,2026-08-28T23:59:59,2026-08-25T07:00:00
Rome,Tallinn,2026-08-25T07:00:00,2026-08-28T23:59:59,2026-08-25T07:00:00
Rome,Tel Aviv,2026-08-25T07:00:00,2026-08-28T23:59:59,2026-08-25T07:00:00
Rome,Tenerife,2026-08-25T07:00:00,2026-08-28T23:59:59,2026-08-25T07:00:00
Rome,Timisoara,2026-08-25T07:00:00,2026-08-28T23:59:59,2026-08-25T07:00:00
Rome,Tirana,2026-08-25T07:00:00,2026-08-28T23:59:59,2026-08-25T07:00:00
Rome,Valencia,2026-08-25T07:00:00,2026-08-28T23:59:59,2026-08-25T07:00:00
Rome,Varna,2026-08-25T07:00:00,2026-08-28T23:59:59,2026-08-25T07:00:00
Rome,Warsaw,2026-08-25T07:00:00,2026-08-28T23:59:59,2026-08-25T07:00:00
Rome,Yerevan,2026-08-25T07:00:00,2026-08-28T23:59:59,2026-08-25T07:00:00
Rome,Zakinthos Island,2026-08-25T07:00:00,2026-08-28T23:59:59,2026-08-25T07:00:00
Rome,Zaragoza,2026-08-25T07:00:00,2026-08-28T23:59:59,2026-08-25T07:00:00
Rzeszow,Podgorica,2026-08-25T07:00:00,2026-08-28T23:59:59,2026-08-25T07:00:00
Santander,Bucharest,2026-08-25T07:00:00,2026-08-28T23:59:59,2026-08-25T07:00:00
Santander,Sofia,2026-08-25T07:00:00,2026-08-28T23:59:59,2026-08-25T07:00:00
Santander,Tirana,2026-08-25T07:00:00,2026-08-28T23:59:59,2026-08-25T07:00:00
Santorini,Bucharest,2026-08-25T07:00:00,2026-08-28T23:59:59,2026-08-25T07:00:00
Santorini,Budapest,2026-08-25T07:00:00,2026-08-28T23:59:59,2026-08-25T07:00:00
Santorini,London,2026-08-25T07:00:00,2026-08-28T23:59:59,2026-08-25T07:00:00
Santorini,Rome,2026-08-25T07:00:00,2026-08-28T23:59:59,2026-08-25T07:00:00
Santorini,Warsaw,2026-08-25T07:00:00,2026-08-28T23:59:59,2026-08-25T07:00:00
Sevilla,Bucharest,2026-08-25T07:00:00,2026-08-28T23:59:59,2026-08-25T07:00:00
Sevilla,Milan,2026-08-25T07:00:00,2026-08-28T23:59:59,2026-08-25T07:00:00
Sevilla,Rome,2026-08-25T07:00:00,2026-08-28T23:59:59,2026-08-25T07:00:00
Sharm el-Sheikh,Venice,2026-08-25T07:00:00,2026-08-28T23:59:59,2026-08-25T07:00:00
Sibiu,Madrid,2026-08-25T07:00:00,2026-08-28T23:59:59,2026-08-25T07:00:00
Skiathos,Rome,2026-08-25T07:00:00,2026-08-28T23:59:59,2026-08-25T07:00:00
Skopje,Palermo,2026-08-25T07:00:00,2026-08-28T23:59:59,2026-08-25T07:00:00
Skopje,Stockholm,2026-08-25T07:00:00,2026-08-28T23:59:59,2026-08-25T07:00:00
Sofia,Alghero,2026-08-25T07:00:00,2026-08-28T23:59:59,2026-08-25T07:00:00
Sofia,Kerkyra,2026-08-25T07:00:00,2026-08-28T23:59:59,2026-08-25T07:00:00
Sofia,Rhodes,2026-08-25T07:00:00,2026-08-28T23:59:59,2026-08-25T07:00:00
Sofia,Tel Aviv,2026-08-25T07:00:00,2026-08-28T23:59:59,2026-08-25T07:00:00
Sofia,Tirana,2026-08-25T07:00:00,2026-08-28T23:59:59,2026-08-25T07:00:00
Split,Lublin,2026-08-25T07:00:00,2026-08-28T23:59:59,2026-08-25T07:00:00
Split,Warsaw,2026-08-25T07:00:00,2026-08-28T23:59:59,2026-08-25T07:00:00
Stavanger,Gdansk,2026-08-25T07:00:00,2026-08-28T23:59:59,2026-08-25T07:00:00
Stockholm,Bucharest,2026-08-25T07:00:00,2026-08-28T23:59:59,2026-08-25T07:00:00
Stockholm,Budapest,2026-08-25T07:00:00,2026-08-28T23:59:59,2026-08-25T07:00:00
Stockholm,Cluj,2026-08-25T07:00:00,2026-08-28T23:59:59,2026-08-25T07:00:00
Stockholm,Gdansk,2026-08-25T07:00:00,2026-08-28T23:59:59,2026-08-25T07:00:00
Stockholm,Skopje,2026-08-25T07:00:00,2026-08-28T23:59:59,2026-08-25T07:00:00
Stockholm,Tirana,2026-08-25T07:00:00,2026-08-28T23:59:59,2026-08-25T07:00:00
Stuttgart,Bucharest,2026-08-25T07:00:00,2026-08-28T23:59:59,2026-08-25T07:00:00
Stuttgart,Budapest,2026-08-25T07:00:00,2026-08-28T23:59:59,2026-08-25T07:00:00
Stuttgart,Cluj,2026-08-25T07:00:00,2026-08-28T23:59:59,2026-08-25T07:00:00
Stuttgart,Skopje,2026-08-25T07:00:00,2026-08-28T23:59:59,2026-08-25T07:00:00
Stuttgart,Sofia,2026-08-25T07:00:00,2026-08-28T23:59:59,2026-08-25T07:00:00
Stuttgart,Tirana,2026-08-25T07:00:00,2026-08-28T23:59:59,2026-08-25T07:00:00
Suceava,Karlsruhe/Baden-Baden,2026-08-25T07:00:00,2026-08-28T23:59:59,2026-08-25T07:00:00
Suceava,Milan,2026-08-25T07:00:00,2026-08-28T23:59:59,2026-08-25T07:00:00
Szczecin,Oslo,2026-08-25T07:00:00,2026-08-28T23:59:59,2026-08-25T07:00:00
Tallinn,Budapest,2026-08-25T07:00:00,2026-08-28T23:59:59,2026-08-25T07:00:00
Tallinn,Gdansk,2026-08-25T07:00:00,2026-08-28T23:59:59,2026-08-25T07:00:00
Tallinn,Rome,2026-08-25T07:00:00,2026-08-28T23:59:59,2026-08-25T07:00:00
Tallinn,Tirana,2026-08-25T07:00:00,2026-08-28T23:59:59,2026-08-25T07:00:00
Tallinn,Vilnius,2026-08-25T07:00:00,2026-08-28T23:59:59,2026-08-25T07:00:00
Tallinn,Warsaw,2026-08-25T07:00:00,2026-08-28T23:59:59,2026-08-25T07:00:00
Targu-Mures,Memmingen,2026-08-25T07:00:00,2026-08-28T23:59:59,2026-08-25T07:00:00
Tel Aviv,Athens,2026-08-25T07:00:00,2026-08-28T23:59:59,2026-08-25T07:00:00
Tel Aviv,Bratislava,2026-08-25T07:00:00,2026-08-28T23:59:59,2026-08-25T07:00:00
Tel Aviv,Bucharest,2026-08-25T07:00:00,2026-08-28T23:59:59,2026-08-25T07:00:00
Tel Aviv,Krakow,2026-08-25T07:00:00,2026-08-28T23:59:59,2026-08-25T07:00:00
Tel Aviv,Larnaca,2026-08-25T07:00:00,2026-08-28T23:59:59,2026-08-25T07:00:00
Tel Aviv,Milan,2026-08-25T07:00:00,2026-08-28T23:59:59,2026-08-25T07:00:00
Tel Aviv,Naples,2026-08-25T07:00:00,2026-08-28T23:59:59,2026-08-25T07:00:00
Tel Aviv,Palermo,2026-08-25T07:00:00,2026-08-28T23:59:59,2026-08-25T07:00:00
Tel Aviv,Rome,2026-08-25T07:00:00,2026-08-28T23:59:59,2026-08-25T07:00:00
Tel Aviv,Sofia,2026-08-25T07:00:00,2026-08-28T23:59:59,2026-08-25T07:00:00
Tel Aviv,Varna,2026-08-25T07:00:00,2026-08-28T23:59:59,2026-08-25T07:00:00
Tel Aviv,Vilnius,2026-08-25T07:00:00,2026-08-28T23:59:59,2026-08-25T07:00:00
Tenerife,Katowice,2026-08-25T07:00:00,2026-08-28T23:59:59,2026-08-25T07:00:00
Tenerife,Rome,2026-08-25T07:00:00,2026-08-28T23:59:59,2026-08-25T07:00:00
Tenerife,Warsaw,2026-08-25T07:00:00,2026-08-28T23:59:59,2026-08-25T07:00:00
Thessaloniki,Budapest,2026-08-25T07:00:00,2026-08-28T23:59:59,2026-08-25T07:00:00
Thessaloniki,Kutaisi,2026-08-25T07:00:00,2026-08-28T23:59:59,2026-08-25T07:00:00
Timisoara,Bari,2026-08-25T07:00:00,2026-08-28T23:59:59,2026-08-25T07:00:00
Timisoara,Basel/Mulhouse,2026-08-25T07:00:00,2026-08-28T23:59:59,2026-08-25T07:00:00
Timisoara,Valencia,2026-08-25T07:00:00,2026-08-28T23:59:59,2026-08-25T07:00:00
Tirana,Basel/Mulhouse,2026-08-25T07:00:00,2026-08-28T23:59:59,2026-08-25T07:00:00
Tirana,Budapest,2026-08-25T07:00:00,2026-08-28T23:59:59,2026-08-25T07:00:00
Tirana,Catania,2026-08-25T07:00:00,2026-08-28T23:59:59,2026-08-25T07:00:00
Tirana,Gdansk,2026-08-25T07:00:00,2026-08-28T23:59:59,2026-08-25T07:00:00
Tirana,Malmo,2026-08-25T07:00:00,2026-08-28T23:59:59,2026-08-25T07:00:00
Tirana,Nuremberg,2026-08-25T07:00:00,2026-08-28T23:59:59,2026-08-25T07:00:00
Tirana,Radom,2026-08-25T07:00:00,2026-08-28T23:59:59,2026-08-25T07:00:00
Tirana,Rimini,2026-08-25T07:00:00,2026-08-28T23:59:59,2026-08-25T07:00:00
Tirana,Santander,2026-08-25T07:00:00,2026-08-28T23:59:59,2026-08-25T07:00:00
Tirana,Tallinn,2026-08-25T07:00:00,2026-08-28T23:59:59,2026-08-25T07:00:00
Tirana,Vilnius,2026-08-25T07:00:00,2026-08-28T23:59:59,2026-08-25T07:00:00
Tirana,Warsaw,2026-08-25T07:00:00,2026-08-28T23:59:59,2026-08-25T07:00:00
Trieste,Tirana,2026-08-25T07:00:00,2026-08-28T23:59:59,2026-08-25T07:00:00
Tromso,Gdansk,2026-08-25T07:00:00,2026-08-28T23:59:59,2026-08-25T07:00:00
Turin,Bucharest,2026-08-25T07:00:00,2026-08-28T23:59:59,2026-08-25T07:00:00
Turin,Budapest,2026-08-25T07:00:00,2026-08-28T23:59:59,2026-08-25T07:00:00
Turin,Iasi,2026-08-25T07:00:00,2026-08-28T23:59:59,2026-08-25T07:00:00
Turin,Tirana,2026-08-25T07:00:00,2026-08-28T23:59:59,2026-08-25T07:00:00
Turku,Vilnius,2026-08-25T07:00:00,2026-08-28T23:59:59,2026-08-25T07:00:00
Tuzla,Gothenburg,2026-08-25T07:00:00,2026-08-28T23:59:59,2026-08-25T07:00:00
Valencia,Bucharest,2026-08-25T07:00:00,2026-08-28T23:59:59,2026-08-25T07:00:00
Valencia,Budapest,2026-08-25T07:00:00,2026-08-28T23:59:59,2026-08-25T07:00:00
Valencia,Krakow,2026-08-25T07:00:00,2026-08-28T23:59:59,2026-08-25T07:00:00
Valencia,Sofia,2026-08-25T07:00:00,2026-08-28T23:59:59,2026-08-25T07:00:00
Varna,Debrecen,2026-08-25T07:00:00,2026-08-28T23:59:59,2026-08-25T07:00:00
Varna,Tel Aviv,2026-08-25T07:00:00,2026-08-28T23:59:59,2026-08-25T07:00:00
Venice,Alicante,2026-08-25T07:00:00,2026-08-28T23:59:59,2026-08-25T07:00:00
Venice,Athens,2026-08-25T07:00:00,2026-08-28T23:59:59,2026-08-25T07:00:00
Venice,Bilbao,2026-08-25T07:00:00,2026-08-28T23:59:59,2026-08-25T07:00:00
Venice,Bucharest,2026-08-25T07:00:00,2026-08-28T23:59:59,2026-08-25T07:00:00
Venice,Budapest,2026-08-25T07:00:00,2026-08-28T23:59:59,2026-08-25T07:00:00
Venice,Chisinau,2026-08-25T07:00:00,2026-08-28T23:59:59,2026-08-25T07:00:00
Venice,Craiova,2026-08-25T07:00:00,2026-08-28T23:59:59,2026-08-25T07:00:00
Venice,Iasi,2026-08-25T07:00:00,2026-08-28T23:59:59,2026-08-25T07:00:00
Venice,Krakow,2026-08-25T07:00:00,2026-08-28T23:59:59,2026-08-25T07:00:00
Venice,Kutaisi,2026-08-25T07:00:00,2026-08-28T23:59:59,2026-08-25T07:00:00
Venice,Madrid,2026-08-25T07:00:00,2026-08-28T23:59:59,2026-08-25T07:00:00
Venice,Malaga,2026-08-25T07:00:00,2026-08-28T23:59:59,2026-08-25T07:00:00
Venice,Sevilla,2026-08-25T07:00:00,2026-08-28T23:59:59,2026-08-25T07:00:00
Venice,Sharm el-Sheikh,2026-08-25T07:00:00,2026-08-28T23:59:59,2026-08-25T07:00:00
Venice,Skopje,2026-08-25T07:00:00,2026-08-28T23:59:59,2026-08-25T07:00:00
Venice,Suceava,2026-08-25T07:00:00,2026-08-28T23:59:59,2026-08-25T07:00:00
Venice,Tallinn,2026-08-25T07:00:00,2026-08-28T23:59:59,2026-08-25T07:00:00
Venice,Timisoara,2026-08-25T07:00:00,2026-08-28T23:59:59,2026-08-25T07:00:00
Venice,Tirana,2026-08-25T07:00:00,2026-08-28T23:59:59,2026-08-25T07:00:00
Venice,Valencia,2026-08-25T07:00:00,2026-08-28T23:59:59,2026-08-25T07:00:00
Venice,Warsaw,2026-08-25T07:00:00,2026-08-28T23:59:59,2026-08-25T07:00:00
Venice,Yerevan,2026-08-25T07:00:00,2026-08-28T23:59:59,2026-08-25T07:00:00
Verona,Chisinau,2026-08-25T07:00:00,2026-08-28T23:59:59,2026-08-25T07:00:00
Verona,Tirana,2026-08-25T07:00:00,2026-08-28T23:59:59,2026-08-25T07:00:00
Vilnius,Billund,2026-08-25T07:00:00,2026-08-28T23:59:59,2026-08-25T07:00:00
Vilnius,Kutaisi,2026-08-25T07:00:00,2026-08-28T23:59:59,2026-08-25T07:00:00
Vilnius,London,2026-08-25T07:00:00,2026-08-28T23:59:59,2026-08-25T07:00:00
Vilnius,Tallinn,2026-08-25T07:00:00,2026-08-28T23:59:59,2026-08-25T07:00:00
Vilnius,Tel Aviv,2026-08-25T07:00:00,2026-08-28T23:59:59,2026-08-25T07:00:00
Vilnius,Tirana,2026-08-25T07:00:00,2026-08-28T23:59:59,2026-08-25T07:00:00
Vilnius,Turku,2026-08-25T07:00:00,2026-08-28T23:59:59,2026-08-25T07:00:00
Warsaw,Barcelona,2026-08-25T07:00:00,2026-08-28T23:59:59,2026-08-25T07:00:00
Warsaw,Brasov,2026-08-25T07:00:00,2026-08-28T23:59:59,2026-08-25T07:00:00
Warsaw,Bratislava,2026-08-25T07:00:00,2026-08-28T23:59:59,2026-08-25T07:00:00
Warsaw,Bucharest,2026-08-25T07:00:00,2026-08-28T23:59:59,2026-08-25T07:00:00
Warsaw,Burgas,2026-08-25T07:00:00,2026-08-28T23:59:59,2026-08-25T07:00:00
Warsaw,Catania,2026-08-25T07:00:00,2026-08-28T23:59:59,2026-08-25T07:00:00
Warsaw,Genoa,2026-08-25T07:00:00,2026-08-28T23:59:59,2026-08-25T07:00:00
Warsaw,Heraklion,2026-08-25T07:00:00,2026-08-28T23:59:59,2026-08-25T07:00:00
Warsaw,Kerkyra,2026-08-25T07:00:00,2026-08-28T23:59:59,2026-08-25T07:00:00
Warsaw,Kutaisi,2026-08-25T07:00:00,2026-08-28T23:59:59,2026-08-25T07:00:00
Warsaw,Madeira,2026-08-25T07:00:00,2026-08-28T23:59:59,2026-08-25T07:00:00
Warsaw,Malta,2026-08-25T07:00:00,2026-08-28T23:59:59,2026-08-25T07:00:00
Warsaw,Menorca,2026-08-25T07:00:00,2026-08-28T23:59:59,2026-08-25T07:00:00
Warsaw,Olbia,2026-08-25T07:00:00,2026-08-28T23:59:59,2026-08-25T07:00:00
Warsaw,Oslo,2026-08-25T07:00:00,2026-08-28T23:59:59,2026-08-25T07:00:00
Warsaw,Podgorica,2026-08-25T07:00:00,2026-08-28T23:59:59,2026-08-25T07:00:00
Warsaw,Reykjavik,2026-08-25T07:00:00,2026-08-28T23:59:59,2026-08-25T07:00:00
Warsaw,Rhodes,2026-08-25T07:00:00,2026-08-28T23:59:59,2026-08-25T07:00:00
Warsaw,Sofia,2026-08-25T07:00:00,2026-08-28T23:59:59,2026-08-25T07:00:00
Warsaw,Split,2026-08-25T07:00:00,2026-08-28T23:59:59,2026-08-25T07:00:00
Warsaw,Tirana,2026-08-25T07:00:00,2026-08-28T23:59:59,2026-08-25T07:00:00
Warsaw,Valencia,2026-08-25T07:00:00,2026-08-28T23:59:59,2026-08-25T07:00:00
Warsaw,Zadar,2026-08-25T07:00:00,2026-08-28T23:59:59,2026-08-25T07:00:00
Wroclaw,Basel/Mulhouse,2026-08-25T07:00:00,2026-08-28T23:59:59,2026-08-25T07:00:00
Wroclaw,Bucharest,2026-08-25T07:00:00,2026-08-28T23:59:59,2026-08-25T07:00:00
Wroclaw,Budapest,2026-08-25T07:00:00,2026-08-28T23:59:59,2026-08-25T07:00:00
Wroclaw,Chisinau,2026-08-25T07:00:00,2026-08-28T23:59:59,2026-08-25T07:00:00
Wroclaw,Kutaisi,2026-08-25T07:00:00,2026-08-28T23:59:59,2026-08-25T07:00:00
Wroclaw,Larnaca,2026-08-25T07:00:00,2026-08-28T23:59:59,2026-08-25T07:00:00
Wroclaw,Ohrid,2026-08-25T07:00:00,2026-08-28T23:59:59,2026-08-25T07:00:00
Wroclaw,Podgorica,2026-08-25T07:00:00,2026-08-28T23:59:59,2026-08-25T07:00:00
Wroclaw,Reykjavik,2026-08-25T07:00:00,2026-08-28T23:59:59,2026-08-25T07:00:00
Wroclaw,Tirana,2026-08-25T07:00:00,2026-08-28T23:59:59,2026-08-25T07:00:00
Wroclaw,Varna,2026-08-25T07:00:00,2026-08-28T23:59:59,2026-08-25T07:00:00
Yerevan,Larnaca,2026-08-25T07:00:00,2026-08-28T23:59:59,2026-08-25T07:00:00
Yerevan,Prague,2026-08-25T07:00:00,2026-08-28T23:59:59,2026-08-25T07:00:00
Zakinthos Island,Bucharest,2026-08-25T07:00:00,2026-08-28T23:59:59,2026-08-25T07:00:00
Zakinthos Island,Budapest,2026-08-25T07:00:00,2026-08-28T23:59:59,2026-08-25T07:00:00
Zakinthos Island,Rome,2026-08-25T07:00:00,2026-08-28T23:59:59,2026-08-25T07:00:00
Zakinthos Island,Warsaw,2026-08-25T07:00:00,2026-08-28T23:59:59,2026-08-25T07:00:00
Zaragoza,Bucharest,2026-08-25T07:00:00,2026-08-28T23:59:59,2026-08-25T07:00:00
Zaragoza,Cluj,2026-08-25T07:00:00,2026-08-28T23:59:59,2026-08-25T07:00:00
